PersonID,LastName,ZIP,Phone,CallID,Time,NewFirstName
127,Rasmuss(ID 127)en,11422,718-534-2403,4252,2001/1/8 12:32,Alexia
98,Rasmuss(ID 98)en,10015,646-812-7298,4253,2001/2/8 13:17,Brenden
94,Ware(ID 94),10013,646-391-9926,4254,2001/2/8 14:54,Beau
127,Ra(ID 127)smussen,11422,718-534-2403,4255,2001/3/8 15:32,Alexia
156,Co(ID 156)ok,10045,917-808-6186,4256,2001/3/8 15:52,Jacoby
139,Hubba(ID 139)rd,10016,917-687-2256,4257,2001/4/8 13:19,Quinten
75,Farr(ID 75)ell,11693,917-843-4608,4258,2001/5/8 9:09,Remington
91,Pay(ID 91)ne,10005,212-498-6862,4259,2001/5/8 9:10,Pedro
152,Me(ID 152)dina,10308,646-819-2778,4260,2001/5/8 9:41,Elianna
8,Burn(ID 8)s,10120,212-220-3311,4261,2001/5/8 16:11,Darren
164,Be(ID 164)ard,10155,212-700-7304,4262,2001/7/8 11:23,Rebekah
7,Ewing(ID 7),10106,347-409-5439,4263,2001/7/8 11:50,Jaqueline
105,Park(ID 105)s,11385,718-483-5325,4264,2001/7/8 13:31,Porter
163,Ingra(ID 163)m,11224,718-543-2608,4265,2001/8/8 14:28,Donavan
174,McCoy(ID 174),11220,347-312-4725,4266,2001/8/8 15:48,Charles
66,An(ID 66)drews,11234,718-746-4988,4267,2001/9/8 13:57,Yaritza
61,Ayala(ID 61),10167,917-745-5684,4268,2001/9/8 15:10,Rylie
45,Rus(ID 45)h,11691,646-516-3070,4269,2001/9/8 16:29,Omari
175,Stephenson(ID 175),11374,718-792-7253,4270,2001/10/8 9:41,Bridger
2,Ha(ID 2)rris,11223,646-382-3431,4271,2001/11/8 8:06,Reynaldo
63,Ra(ID 63)ndolph,11207,347-625-6847,4272,2001/11/8 12:10,Quentin
136,La(ID 136)mb,10302,718-408-4184,4273,2001/11/8 12:46,Deborah
42,Townse(ID 42)nd,10314,212-775-3412,4274,2001/12/8 16:05,Stanley
135,Rive(ID 135)ra,11361,212-340-5502,4275,01/14/08 08:01,Lena
177,Stephens(ID 177)on,10169,646-354-5674,4276,01/14/08 09:09,Aaliyah
186,McConne(ID 186)ll,11413,917-363-2471,4277,01/14/08 11:41,Quintin
63,Rand(ID 63)olph,11207,347-625-6847,4278,01/14/08 15:10,Quentin
10,Hoffman(ID 10),11366,917-613-6421,4279,01/15/08 08:44,Aliya
90,Ki(ID 90)dd,11220,347-346-9229,4280,01/15/08 13:10,Janiah
131,Knowl(ID 131)es,10122,917-785-7273,4281,01/15/08 14:04,Desmond
142,Du(ID 142)ke,10112,718-245-5292,4282,01/15/08 16:33,Harrison
94,War(ID 94)e,10013,646-391-9926,4283,01/16/08 09:51,Beau
158,Case(ID 158)y,11209,917-647-6620,4284,01/16/08 13:54,Alessandro
83,Hoppe(ID 83)r,11418,917-350-9472,4285,01/16/08 14:48,Kamryn
189,Gu(ID 189)zman,10028,718-377-3801,4286,01/17/08 09:26,Jasmin
84,Roble(ID 84)s,10451,917-612-4762,4287,01/17/08 10:30,Makhi
43,Staffo(ID 43)rd,10158,646-519-3002,4288,01/17/08 13:20,Rodney
88,Gi(ID 88)lbert,11225,347-656-8233,4289,01/18/08 16:14,Alfonso
190,Richmon(ID 190)d,11224,646-799-3731,4290,01/19/08 10:33,Kaylee
116,Clar(ID 116)k,10468,646-576-9372,4291,01/19/08 13:24,Dylan
37,Ro(ID 37)we,10158,646-524-8955,4292,01/19/08 14:23,Grace
179,Manning(ID 179),10021,646-573-3267,4293,01/20/08 11:22,Carleigh
119,David(ID 119)son,10451,718-457-2953,4294,01/20/08 16:02,Tatiana
151,Hul(ID 151)l,10457,347-829-1136,4295,01/20/08 16:31,Kaiya
179,Ma(ID 179)nning,10021,646-573-3267,4296,01/21/08 15:09,Carleigh
54,Bull(ID 54)ock,11210,718-708-3598,4297,01/21/08 16:44,Jayson
164,Bea(ID 164)rd,10155,212-700-7304,4298,01/22/08 09:23,Rebekah
148,Fow(ID 148)ler,10118,212-722-7454,4299,01/22/08 12:19,Holden
89,Hinton(ID 89),11363,212-335-8571,4300,01/22/08 13:41,Irvin
57,Ha(ID 57)rrell,10451,347-270-4389,4301,01/22/08 16:21,Lia
30,Cros(ID 30)by,10473,646-223-6544,4302,01/22/08 16:48,Alexus
5,Gl(ID 5)over,10026,646-623-7673,4303,01/23/08 11:03,Cael
155,Schroede(ID 155)r,11362,347-373-6302,4304,01/24/08 08:50,Leia
139,Hubba(ID 139)rd,10016,917-687-2256,4305,01/24/08 10:06,Quinten
192,Whit(ID 192)field,10037,347-356-9081,4306,01/24/08 14:28,Jayden
119,Dav(ID 119)idson,10451,718-457-2953,4307,01/26/08 08:07,Tatiana
78,Whi(ID 78)tehead,11218,212-423-2062,4308,01/26/08 09:44,Octavio
70,For(ID 70)bes,10154,347-642-8572,4309,01/26/08 14:48,Terrance
65,Moon(ID 65),10471,212-716-6333,4310,01/26/08 15:00,Isaias
106,Es(ID 106)trada,11360,646-234-2097,4311,01/28/08 10:03,Briley
168,Ho(ID 168)lmes,11101,718-451-2157,4312,01/29/08 10:53,Kierra
63,Ran(ID 63)dolph,11207,347-625-6847,4313,01/29/08 10:55,Quentin
1,Christe(ID 1)nsen,10006,646-376-4466,4314,01/29/08 11:19,Jaylen
159,Woodar(ID 159)d,10110,718-496-7026,4315,01/29/08 12:34,Mireya
78,White(ID 78)head,11218,212-423-2062,4316,01/29/08 14:53,Octavio
32,Rot(ID 32)h,11208,212-614-7981,4317,01/30/08 08:16,Reese
79,Bowen(ID 79),11238,646-292-3920,4318,01/30/08 09:50,Mariam
186,Mc(ID 186)Connell,11413,917-363-2471,4319,01/30/08 10:20,Quintin
54,Bullock(ID 54),11210,718-708-3598,4320,01/31/08 08:20,Jayson
86,Whi(ID 86)tney,11363,718-703-2577,4321,2002/1/8 9:15,Jaida
10,Hoffma(ID 10)n,11366,917-613-6421,4322,2002/1/8 10:12,Aliya
91,Pa(ID 91)yne,10005,212-498-6862,4323,2002/1/8 12:53,Pedro
8,Bu(ID 8)rns,10120,212-220-3311,4324,2002/1/8 12:59,Darren
27,Lo(ID 27)we,11233,212-683-8794,4325,2002/1/8 16:16,Aaden
55,Jarv(ID 55)is,11375,646-804-4663,4326,2002/1/8 16:45,Amy
133,Tu(ID 133)rner,11216,347-589-7132,4327,2002/3/8 10:32,Katherine
95,Clem(ID 95)ons,11411,347-329-7260,4328,2002/3/8 16:26,Matthias
23,Buck(ID 23),11105,718-722-6313,4329,2002/4/8 11:32,Jocelynn
76,Cru(ID 76)z,10103,917-586-9422,4330,2002/5/8 12:35,Dixie
101,Ni(ID 101)xon,11249,212-523-6502,4331,2002/6/8 12:01,Anabella
49,Nelso(ID 49)n,10035,718-511-4170,4332,2002/6/8 13:05,Selina
165,Ber(ID 165)g,11420,646-605-8063,4333,2002/7/8 8:47,Cannon
59,Melton(ID 59),11432,646-270-2996,4334,2002/7/8 10:15,Desiree
84,Rob(ID 84)les,10451,917-612-4762,4335,2002/7/8 10:31,Makhi
20,Flowers(ID 20),10168,646-547-6398,4336,2002/7/8 15:57,Reed
154,Pit(ID 154)ts,10166,347-320-2243,4337,2002/7/8 16:44,Landyn
40,Ros(ID 40)e,11367,347-823-6645,4338,2002/9/8 8:48,King
76,Cru(ID 76)z,10103,917-586-9422,4339,2002/9/8 11:27,Dixie
84,Rob(ID 84)les,10451,917-612-4762,4340,2002/10/8 10:41,Makhi
91,Pay(ID 91)ne,10005,212-498-6862,4341,2002/10/8 14:51,Pedro
181,Mil(ID 181)ler,10451,917-728-8534,4342,2002/11/8 10:06,Jakobe
81,John(ID 81)son,11210,917-426-2147,4343,2002/11/8 11:35,Aileen
99,Shan(ID 99)non,11368,646-352-2431,4344,2002/11/8 12:02,Kyla
30,Cros(ID 30)by,10473,646-223-6544,4345,2002/12/8 8:13,Alexus
75,Farr(ID 75)ell,11693,917-843-4608,4346,02/13/08 10:43,Remington
63,Randolp(ID 63)h,11207,347-625-6847,4347,02/13/08 12:46,Quentin
160,Cant(ID 160)rell,10280,646-813-3328,4348,02/14/08 15:27,Raegan
58,Lloyd(ID 58),11362,718-796-7350,4349,02/14/08 15:33,Mitchell
113,Br(ID 113)ewer,11209,646-614-1481,4350,02/15/08 09:04,Regina
85,Kau(ID 85)fman,11230,212-832-9113,4351,02/15/08 16:57,Elianna
113,Brewer(ID 113),11209,646-614-1481,4352,02/16/08 12:48,Regina
135,Ri(ID 135)vera,11361,212-340-5502,4353,02/16/08 14:32,Lena
17,Donovan(ID 17),10069,646-768-1792,4354,02/17/08 09:08,Gemma
81,Johnso(ID 81)n,11210,917-426-2147,4355,02/17/08 13:08,Aileen
182,Good(ID 182),10039,718-660-6567,4356,02/17/08 13:19,Kassidy
152,Medina(ID 152),10308,646-819-2778,4357,02/18/08 16:59,Elianna
66,Andr(ID 66)ews,11234,718-746-4988,4358,02/19/08 13:04,Yaritza
135,Rivera(ID 135),11361,212-340-5502,4359,02/19/08 16:12,Lena
134,Henso(ID 134)n,11356,917-716-1314,4360,02/19/08 16:45,Karli
165,Berg(ID 165),11420,646-605-8063,4361,02/20/08 08:14,Cannon
165,Ber(ID 165)g,11420,646-605-8063,4362,02/20/08 12:41,Cannon
175,Stephenson(ID 175),11374,718-792-7253,4363,02/21/08 11:23,Bridger
180,Herring(ID 180),10473,212-321-1690,4364,02/21/08 13:29,Charlie
13,Buckne(ID 13)r,10304,212-836-6512,4365,02/21/08 14:55,Melvin
42,To(ID 42)wnsend,10314,212-775-3412,4366,02/21/08 15:17,Stanley
42,Tow(ID 42)nsend,10314,212-775-3412,4367,02/23/08 15:02,Stanley
70,Forbe(ID 70)s,10154,347-642-8572,4368,02/24/08 11:33,Terrance
157,For(ID 157)d,11208,212-745-3651,4369,02/24/08 16:25,Valentino
125,Spencer(ID 125),11411,917-605-3899,4370,02/25/08 16:15,Lacey
111,He(ID 111)ss,11237,917-302-6036,4371,02/25/08 16:40,Belen
156,Cook(ID 156),10045,917-808-6186,4372,02/26/08 12:53,Jacoby
46,Tr(ID 46)an,10471,212-470-2697,4373,02/26/08 14:55,Maurice
175,Steph(ID 175)enson,11374,718-792-7253,4374,02/26/08 15:32,Bridger
134,Henson(ID 134),11356,917-716-1314,4375,02/27/08 10:40,Karli
37,Row(ID 37)e,10158,646-524-8955,4376,02/27/08 15:36,Grace
78,Whitehe(ID 78)ad,11218,212-423-2062,4377,02/28/08 10:09,Octavio
189,Gu(ID 189)zman,10028,718-377-3801,4378,02/29/08 11:23,Jasmin
81,Johns(ID 81)on,11210,917-426-2147,4379,02/29/08 13:43,Aileen
182,Go(ID 182)od,10039,718-660-6567,4380,2003/1/8 8:32,Kassidy
84,Ro(ID 84)bles,10451,917-612-4762,4381,2003/1/8 12:58,Makhi
125,Spencer(ID 125),11411,917-605-3899,4382,2003/2/8 8:25,Lacey
114,Si(ID 114)ms,10456,646-587-3973,4383,2003/2/8 12:58,Bradley
70,Fo(ID 70)rbes,10154,347-642-8572,4384,2003/2/8 13:25,Terrance
57,Harrel(ID 57)l,10451,347-270-4389,4385,2003/2/8 15:00,Lia
79,Bowen(ID 79),11238,646-292-3920,4386,2003/3/8 13:23,Mariam
39,Cr(ID 39)osby,11436,646-662-5349,4387,2003/3/8 13:49,Damaris
110,Ho(ID 110)od,10014,917-336-9522,4388,2003/3/8 16:34,Kade
87,Spence(ID 87),11241,347-729-6167,4389,2003/3/8 16:50,Braylon
9,Ma(ID 9)yo,11358,212-537-6720,4390,2003/4/8 8:18,Rigoberto
173,Bes(ID 173)t,11434,646-826-7098,4391,2003/4/8 10:44,Rebekah
134,He(ID 134)nson,11356,917-716-1314,4392,2003/4/8 11:48,Karli
80,Flyn(ID 80)n,11109,646-725-6832,4393,2003/4/8 12:05,Nelson
134,Hens(ID 134)on,11356,917-716-1314,4394,2003/5/8 9:42,Karli
27,Lo(ID 27)we,11233,212-683-8794,4395,2003/6/8 12:02,Aaden
35,Par(ID 35)ker,10010,212-525-3571,4396,2003/6/8 13:51,Amari
182,Go(ID 182)od,10039,718-660-6567,4397,2003/6/8 15:13,Kassidy
90,Ki(ID 90)dd,11220,347-346-9229,4398,2003/6/8 16:30,Janiah
156,Co(ID 156)ok,10045,917-808-6186,4399,2003/7/8 11:23,Jacoby
113,Brew(ID 113)er,11209,646-614-1481,4400,2003/7/8 11:39,Regina
163,Ingram(ID 163),11224,718-543-2608,4401,2003/7/8 13:56,Donavan
191,Spark(ID 191)s,11211,212-522-5661,4402,2003/8/8 13:10,Kai
125,Sp(ID 125)encer,11411,917-605-3899,4403,2003/8/8 13:32,Lacey
132,Crawfo(ID 132)rd,11105,718-658-3906,4404,2003/8/8 15:13,Jayda
11,Martinez(ID 11),10006,718-771-3686,4405,2003/9/8 8:28,Luna
154,Pitt(ID 154)s,10166,347-320-2243,4406,2003/10/8 13:45,Landyn
131,Kn(ID 131)owles,10122,917-785-7273,4407,2003/10/8 16:06,Desmond
79,Bowen(ID 79),11238,646-292-3920,4408,2003/11/8 10:43,Mariam
29,Cantu(ID 29),10278,917-261-3926,4409,2003/11/8 11:10,Alexander
48,Smit(ID 48)h,10464,212-432-9911,4410,2003/12/8 12:48,Jaylen
95,Clemon(ID 95)s,11411,347-329-7260,4411,2003/12/8 15:54,Matthias
174,McCo(ID 174)y,11220,347-312-4725,4412,03/13/08 09:36,Charles
144,Gallego(ID 144)s,11421,917-617-3764,4413,03/13/08 12:18,Donna
61,Ayala(ID 61),10167,917-745-5684,4414,03/14/08 16:24,Rylie
76,Cruz(ID 76),10103,917-586-9422,4415,03/14/08 16:46,Dixie
74,Gill(ID 74)iam,10279,917-593-3931,4416,03/16/08 08:21,Zackary
176,Ma(ID 176)ys,10165,917-265-9366,4417,03/16/08 12:47,Alison
65,Mo(ID 65)on,10471,212-716-6333,4418,03/17/08 13:09,Isaias
67,Gr(ID 67)ay,10309,917-280-8507,4419,03/17/08 16:34,Danny
81,Johns(ID 81)on,11210,917-426-2147,4420,03/18/08 12:54,Aileen
25,Medina(ID 25),11419,917-361-9803,4421,03/19/08 11:24,Khalil
150,Ga(ID 150)ines,11422,718-823-7799,4422,03/20/08 10:04,Kaleigh
191,Spar(ID 191)ks,11211,212-522-5661,4423,03/20/08 11:19,Kai
170,Wh(ID 170)itfield,10469,212-827-7355,4424,03/20/08 13:13,Skylar
136,La(ID 136)mb,10302,718-408-4184,4425,03/20/08 14:42,Deborah
127,Rasmusse(ID 127)n,11422,718-534-2403,4426,03/22/08 11:19,Alexia
87,Spenc(ID 87)e,11241,347-729-6167,4427,03/22/08 11:45,Braylon
134,Henson(ID 134),11356,917-716-1314,4428,03/23/08 09:25,Karli
56,Joyce(ID 56),11234,212-671-1389,4429,03/23/08 16:00,Immanuel
186,McConn(ID 186)ell,11413,917-363-2471,4430,03/24/08 08:20,Quintin
36,Flo(ID 36)yd,11434,917-650-7989,4431,03/24/08 09:07,Kendrick
61,Aya(ID 61)la,10167,917-745-5684,4432,03/24/08 11:22,Rylie
40,Ro(ID 40)se,11367,347-823-6645,4433,03/25/08 08:37,King
4,Sho(ID 4)rt,11230,718-664-9574,4434,03/25/08 09:13,Lia
98,Rasmusse(ID 98)n,10015,646-812-7298,4435,03/25/08 09:34,Brenden
195,Travi(ID 195)s,10459,917-444-3708,4436,03/25/08 10:52,Darius
39,Crosby(ID 39),11436,646-662-5349,4437,03/25/08 13:12,Damaris
47,Ow(ID 47)ens,11239,347-766-3697,4438,03/25/08 13:20,Brayan
100,Ing(ID 100)ram,10026,212-780-2467,4439,03/25/08 13:59,Branson
163,Ingram(ID 163),11224,718-543-2608,4440,03/25/08 15:52,Donavan
127,Rasmus(ID 127)sen,11422,718-534-2403,4441,03/25/08 16:39,Alexia
137,Wa(ID 137)lton,11422,347-350-9310,4442,03/26/08 10:52,Amya
64,Bu(ID 64)rton,10465,646-336-1902,4443,03/26/08 11:10,Miles
101,Nix(ID 101)on,11249,212-523-6502,4444,03/27/08 09:23,Anabella
136,Lamb(ID 136),10302,718-408-4184,4445,03/27/08 10:39,Deborah
79,Bo(ID 79)wen,11238,646-292-3920,4446,03/27/08 14:32,Mariam
57,Har(ID 57)rell,10451,347-270-4389,4447,03/28/08 11:03,Lia
5,Glo(ID 5)ver,10026,646-623-7673,4448,03/29/08 08:00,Cael
93,Wilco(ID 93)x,10466,347-314-5165,4449,03/29/08 08:49,Vance
45,Rush(ID 45),11691,646-516-3070,4450,03/29/08 13:35,Omari
171,Ferna(ID 171)ndez,11379,212-358-3769,4451,03/29/08 15:37,Savanah
20,Flowe(ID 20)rs,10168,646-547-6398,4452,03/30/08 10:20,Reed
75,Farr(ID 75)ell,11693,917-843-4608,4453,03/30/08 15:26,Remington
80,Flyn(ID 80)n,11109,646-725-6832,4454,2004/1/8 16:09,Nelson
158,Ca(ID 158)sey,11209,917-647-6620,4455,2004/2/8 13:07,Alessandro
119,Davi(ID 119)dson,10451,718-457-2953,4456,2004/5/8 12:07,Tatiana
61,Ayala(ID 61),10167,917-745-5684,4457,2004/5/8 12:13,Rylie
35,Parke(ID 35)r,10010,212-525-3571,4458,2004/5/8 15:31,Amari
92,Dill(ID 92)on,11373,718-512-2564,4459,2004/6/8 14:09,Adeline
54,Bulloc(ID 54)k,11210,718-708-3598,4460,2004/6/8 16:17,Jayson
100,Ingr(ID 100)am,10026,212-780-2467,4461,2004/7/8 13:42,Branson
37,Rowe(ID 37),10158,646-524-8955,4462,2004/9/8 9:07,Grace
55,Jarv(ID 55)is,11375,646-804-4663,4463,2004/9/8 14:05,Amy
85,Kaufman(ID 85),11230,212-832-9113,4464,2004/9/8 15:08,Elianna
33,Padilla(ID 33),11357,646-358-6884,4465,2004/11/8 12:55,Presley
75,Fa(ID 75)rrell,11693,917-843-4608,4466,2004/12/8 8:21,Remington
25,Medin(ID 25)a,11419,917-361-9803,4467,2004/12/8 12:05,Khalil
142,Duk(ID 142)e,10112,718-245-5292,4468,2004/12/8 12:34,Harrison
116,Clar(ID 116)k,10468,646-576-9372,4469,2004/12/8 13:32,Dylan
72,Lin(ID 72)dsey,10307,212-411-1820,4470,2004/12/8 16:36,Deja
104,Ro(ID 104)berson,10118,212-629-8042,4471,04/14/08 08:45,Dillon
111,Hess(ID 111),11237,917-302-6036,4472,04/14/08 16:17,Belen
144,Gallego(ID 144)s,11421,917-617-3764,4473,04/15/08 09:35,Donna
153,Hunt(ID 153)er,11109,212-793-5299,4474,04/15/08 09:48,Leland
115,Harr(ID 115)ison,11694,646-614-8165,4475,04/15/08 10:59,Mathew
93,Wilco(ID 93)x,10466,347-314-5165,4476,04/16/08 13:56,Vance
176,Ma(ID 176)ys,10165,917-265-9366,4477,04/16/08 14:36,Alison
124,Lea(ID 124)ch,10005,347-570-3346,4478,04/16/08 16:37,Cody
163,Ingra(ID 163)m,11224,718-543-2608,4479,04/17/08 08:24,Donavan
106,Estrada(ID 106),11360,646-234-2097,4480,04/17/08 08:41,Briley
167,Reyno(ID 167)lds,10019,646-527-1224,4481,04/17/08 10:56,Neveah
14,Pot(ID 14)ts,11221,646-228-5446,4482,04/18/08 10:21,Jeramiah
148,Fowle(ID 148)r,10118,212-722-7454,4483,04/18/08 10:54,Holden
24,Ca(ID 24)se,11103,718-604-7729,4484,04/18/08 12:48,Zaniyah
195,Tra(ID 195)vis,10459,917-444-3708,4485,04/21/08 08:30,Darius
174,McCoy(ID 174),11220,347-312-4725,4486,04/21/08 11:48,Charles
104,Rob(ID 104)erson,10118,212-629-8042,4487,04/21/08 14:16,Dillon
30,Crosb(ID 30)y,10473,646-223-6544,4488,04/22/08 10:21,Alexus
97,Hester(ID 97),11435,917-817-8225,4489,04/22/08 10:34,Reina
116,Clar(ID 116)k,10468,646-576-9372,4490,04/22/08 13:34,Dylan
185,Bridg(ID 185)es,10128,917-338-2937,4491,04/22/08 16:41,Malia
35,Pa(ID 35)rker,10010,212-525-3571,4492,04/23/08 11:04,Amari
195,Tra(ID 195)vis,10459,917-444-3708,4493,04/23/08 11:47,Darius
140,Buc(ID 140)k,10162,212-592-7909,4494,04/23/08 12:59,Skylar
74,Gill(ID 74)iam,10279,917-593-3931,4495,04/23/08 13:14,Zackary
103,Bryan(ID 103),10168,646-523-3121,4496,04/23/08 15:31,Fabian
98,Rasmusse(ID 98)n,10015,646-812-7298,4497,04/23/08 16:04,Brenden
176,Ma(ID 176)ys,10165,917-265-9366,4498,04/24/08 11:25,Alison
195,Tr(ID 195)avis,10459,917-444-3708,4499,04/24/08 16:13,Darius
95,Clemon(ID 95)s,11411,347-329-7260,4500,04/26/08 08:03,Matthias
17,Dono(ID 17)van,10069,646-768-1792,4501,04/26/08 10:32,Gemma
32,Rot(ID 32)h,11208,212-614-7981,4502,04/27/08 10:06,Reese
111,Hess(ID 111),11237,917-302-6036,4503,04/27/08 12:40,Belen
45,Rush(ID 45),11691,646-516-3070,4504,04/28/08 08:41,Omari
174,McCoy(ID 174),11220,347-312-4725,4505,04/28/08 13:08,Charles
83,Ho(ID 83)pper,11418,917-350-9472,4506,04/28/08 15:42,Kamryn
138,Frank(ID 138)s,10309,718-550-6560,4507,04/29/08 10:27,Kyleigh
98,Rasmusse(ID 98)n,10015,646-812-7298,4508,04/29/08 10:27,Brenden
102,Wi(ID 102)lson,11211,917-728-8694,4509,04/30/08 13:09,Anabelle
25,Medin(ID 25)a,11419,917-361-9803,4510,2005/1/8 8:04,Khalil
56,Joy(ID 56)ce,11234,212-671-1389,4511,2005/2/8 8:03,Immanuel
76,Cr(ID 76)uz,10103,917-586-9422,4512,2005/2/8 12:28,Dixie
57,Ha(ID 57)rrell,10451,347-270-4389,4513,2005/3/8 14:17,Lia
133,Tu(ID 133)rner,11216,347-589-7132,4514,2005/4/8 12:01,Katherine
32,Roth(ID 32),11208,212-614-7981,4515,2005/4/8 15:43,Reese
66,And(ID 66)rews,11234,718-746-4988,4516,2005/5/8 16:26,Yaritza
32,Rot(ID 32)h,11208,212-614-7981,4517,2005/6/8 8:59,Reese
141,Mcm(ID 141)ahon,10026,212-569-4823,4518,2005/6/8 16:11,Vanessa
99,Shann(ID 99)on,11368,646-352-2431,4519,2005/7/8 10:07,Kyla
88,Gilber(ID 88)t,11225,347-656-8233,4520,2005/7/8 10:37,Alfonso
165,Ber(ID 165)g,11420,646-605-8063,4521,2005/9/8 8:52,Cannon
29,Can(ID 29)tu,10278,917-261-3926,4522,2005/9/8 13:35,Alexander
59,Me(ID 59)lton,11432,646-270-2996,4523,2005/9/8 14:58,Desiree
99,Shanno(ID 99)n,11368,646-352-2431,4524,2005/9/8 16:23,Kyla
191,Sp(ID 191)arks,11211,212-522-5661,4525,2005/10/8 9:15,Kai
15,Nobl(ID 15)e,10453,212-476-4876,4526,2005/10/8 9:30,Owen
39,Crosby(ID 39),11436,646-662-5349,4527,2005/10/8 12:00,Damaris
101,Nixo(ID 101)n,11249,212-523-6502,4528,2005/10/8 15:44,Anabella
61,Aya(ID 61)la,10167,917-745-5684,4529,2005/11/8 9:41,Rylie
52,Englan(ID 52)d,10014,347-368-1526,4530,05/13/08 08:39,Jaycee
124,Le(ID 124)ach,10005,347-570-3346,4531,05/13/08 09:49,Cody
127,Rasmus(ID 127)sen,11422,718-534-2403,4532,05/13/08 16:17,Alexia
110,Ho(ID 110)od,10014,917-336-9522,4533,05/15/08 11:45,Kade
72,Lin(ID 72)dsey,10307,212-411-1820,4534,05/15/08 15:39,Deja
83,Hopp(ID 83)er,11418,917-350-9472,4535,05/16/08 10:03,Kamryn
86,Whitney(ID 86),11363,718-703-2577,4536,05/16/08 16:07,Jaida
168,Hol(ID 168)mes,11101,718-451-2157,4537,05/16/08 16:23,Kierra
57,Har(ID 57)rell,10451,347-270-4389,4538,05/17/08 14:42,Lia
12,Oli(ID 12)ver,11413,917-252-3830,4539,05/17/08 15:20,Angelique
174,McCo(ID 174)y,11220,347-312-4725,4540,05/18/08 09:43,Charles
165,Be(ID 165)rg,11420,646-605-8063,4541,05/18/08 10:56,Cannon
52,Eng(ID 52)land,10014,347-368-1526,4542,05/18/08 14:20,Jaycee
123,Ing(ID 123)ram,10015,917-682-3372,4543,05/19/08 09:13,Moses
194,Be(ID 194)ck,10463,718-351-9427,4544,05/19/08 13:41,Kymani
14,Po(ID 14)tts,11221,646-228-5446,4545,05/19/08 15:49,Jeramiah
149,Forbe(ID 149)s,10281,917-687-6671,4546,05/20/08 15:55,Savanah
18,Bru(ID 18)ce,11218,646-522-7235,4547,05/21/08 12:07,Jack
189,Gu(ID 189)zman,10028,718-377-3801,4548,05/21/08 12:31,Jasmin
66,Andrew(ID 66)s,11234,718-746-4988,4549,05/21/08 15:12,Yaritza
22,Abbo(ID 22)tt,11377,917-823-9292,4550,05/21/08 16:22,Hadassah
8,Burn(ID 8)s,10120,212-220-3311,4551,05/22/08 11:28,Darren
143,Kirklan(ID 143)d,10468,347-479-2352,4552,05/22/08 12:54,Jasiah
97,Hest(ID 97)er,11435,917-817-8225,4553,05/22/08 13:16,Reina
14,Pot(ID 14)ts,11221,646-228-5446,4554,05/22/08 15:57,Jeramiah
154,Pit(ID 154)ts,10166,347-320-2243,4555,05/23/08 16:42,Landyn
4,Short(ID 4),11230,718-664-9574,4556,05/24/08 14:54,Lia
158,Casey(ID 158),11209,917-647-6620,4557,05/25/08 11:35,Alessandro
14,Potts(ID 14),11221,646-228-5446,4558,05/26/08 13:12,Jeramiah
167,Reynold(ID 167)s,10019,646-527-1224,4559,05/26/08 15:37,Neveah
151,Hul(ID 151)l,10457,347-829-1136,4560,05/27/08 08:07,Kaiya
88,Gilb(ID 88)ert,11225,347-656-8233,4561,05/27/08 11:56,Alfonso
3,Fran(ID 3)klin,10099,718-510-6575,4562,05/27/08 15:13,Yandel
115,Harrison(ID 115),11694,646-614-8165,4563,05/28/08 11:21,Mathew
156,Coo(ID 156)k,10045,917-808-6186,4564,05/28/08 15:00,Jacoby
149,Forbes(ID 149),10281,917-687-6671,4565,05/29/08 12:53,Savanah
138,Fra(ID 138)nks,10309,718-550-6560,4566,05/29/08 14:09,Kyleigh
54,Bull(ID 54)ock,11210,718-708-3598,4567,05/29/08 15:33,Jayson
117,Fore(ID 117)man,11697,917-380-2950,4568,05/31/08 11:38,Aliza
7,Ewing(ID 7),10106,347-409-5439,4569,2006/1/8 9:04,Jaqueline
150,Ga(ID 150)ines,11422,718-823-7799,4570,2006/1/8 11:41,Kaleigh
18,Bru(ID 18)ce,11218,646-522-7235,4571,2006/1/8 14:36,Jack
24,Cas(ID 24)e,11103,718-604-7729,4572,2006/2/8 15:12,Zaniyah
62,Henso(ID 62)n,10173,917-353-7715,4573,2006/3/8 12:31,Ansley
153,Hunte(ID 153)r,11109,212-793-5299,4574,2006/4/8 8:08,Leland
146,Wilki(ID 146)nson,10303,347-524-8554,4575,2006/4/8 11:02,Brett
63,Rando(ID 63)lph,11207,347-625-6847,4576,2006/4/8 16:04,Quentin
152,Med(ID 152)ina,10308,646-819-2778,4577,2006/5/8 16:42,Elianna
67,Gr(ID 67)ay,10309,917-280-8507,4578,2006/6/8 12:23,Danny
115,Ha(ID 115)rrison,11694,646-614-8165,4579,2006/6/8 13:30,Mathew
184,Casey(ID 184),10107,646-463-4607,4580,2006/6/8 14:29,Hallie
19,Emers(ID 19)on,10028,347-276-8948,4581,2006/7/8 9:12,Salvador
80,Flynn(ID 80),11109,646-725-6832,4582,2006/7/8 11:17,Nelson
154,Pitts(ID 154),10166,347-320-2243,4583,2006/9/8 13:01,Landyn
155,Sc(ID 155)hroeder,11362,347-373-6302,4584,2006/9/8 16:43,Leia
111,Hes(ID 111)s,11237,917-302-6036,4585,2006/10/8 12:54,Belen
10,Ho(ID 10)ffman,11366,917-613-6421,4586,2006/10/8 15:10,Aliya
5,Glove(ID 5)r,10026,646-623-7673,4587,2006/12/8 8:03,Cael
79,Bo(ID 79)wen,11238,646-292-3920,4588,2006/12/8 10:26,Mariam
52,Englan(ID 52)d,10014,347-368-1526,4589,06/13/08 13:44,Jaycee
65,Moon(ID 65),10471,212-716-6333,4590,06/14/08 09:18,Isaias
153,Hunter(ID 153),11109,212-793-5299,4591,06/14/08 15:32,Leland
99,Shan(ID 99)non,11368,646-352-2431,4592,06/15/08 12:24,Kyla
148,Fowl(ID 148)er,10118,212-722-7454,4593,06/15/08 13:17,Holden
81,John(ID 81)son,11210,917-426-2147,4594,06/16/08 08:01,Aileen
152,Me(ID 152)dina,10308,646-819-2778,4595,06/16/08 09:16,Elianna
144,Gal(ID 144)legos,11421,917-617-3764,4596,06/16/08 11:37,Donna
31,Schmi(ID 31)dt,11237,718-294-7531,4597,06/16/08 14:36,Jazmin
2,Ha(ID 2)rris,11223,646-382-3431,4598,06/17/08 08:01,Reynaldo
165,Berg(ID 165),11420,646-605-8063,4599,06/17/08 11:06,Cannon
78,Whitehea(ID 78)d,11218,212-423-2062,4600,06/17/08 13:40,Octavio
60,Bea(ID 60)sley,11360,347-379-6271,4601,06/17/08 14:31,Evie
160,Cantr(ID 160)ell,10280,646-813-3328,4602,06/17/08 15:12,Raegan
104,Robers(ID 104)on,10118,212-629-8042,4603,06/17/08 15:38,Dillon
18,Bru(ID 18)ce,11218,646-522-7235,4604,06/18/08 09:47,Jack
106,Estrad(ID 106)a,11360,646-234-2097,4605,06/18/08 14:17,Briley
186,McConnell(ID 186),11413,917-363-2471,4606,06/19/08 15:40,Quintin
10,Hoff(ID 10)man,11366,917-613-6421,4607,06/20/08 11:43,Aliya
156,Co(ID 156)ok,10045,917-808-6186,4608,06/21/08 11:54,Jacoby
74,Gillia(ID 74)m,10279,917-593-3931,4609,06/21/08 16:11,Zackary
66,And(ID 66)rews,11234,718-746-4988,4610,06/22/08 10:08,Yaritza
61,Ay(ID 61)ala,10167,917-745-5684,4611,06/23/08 08:11,Rylie
26,Martin(ID 26),10123,212-403-5255,4612,06/23/08 09:21,Jaylan
87,Spen(ID 87)ce,11241,347-729-6167,4613,06/23/08 12:53,Braylon
96,Jorda(ID 96)n,10029,347-840-4080,4614,06/23/08 13:28,Bailey
59,Mel(ID 59)ton,11432,646-270-2996,4615,06/24/08 12:20,Desiree
103,Bryan(ID 103),10168,646-523-3121,4616,06/24/08 16:37,Fabian
72,Li(ID 72)ndsey,10307,212-411-1820,4617,06/25/08 10:25,Deja
78,Whitehead(ID 78),11218,212-423-2062,4618,06/25/08 10:45,Octavio
99,Shann(ID 99)on,11368,646-352-2431,4619,06/25/08 13:29,Kyla
12,Ol(ID 12)iver,11413,917-252-3830,4620,06/25/08 16:11,Angelique
89,Hin(ID 89)ton,11363,212-335-8571,4621,06/26/08 12:16,Irvin
63,Rand(ID 63)olph,11207,347-625-6847,4622,06/27/08 12:15,Quentin
129,Graha(ID 129)m,11693,646-246-7524,4623,06/28/08 08:33,Deven
188,Jos(ID 188)eph,10172,212-533-9260,4624,06/28/08 12:28,Makenna
163,Ingr(ID 163)am,11224,718-543-2608,4625,06/28/08 15:47,Donavan
8,Bur(ID 8)ns,10120,212-220-3311,4626,06/28/08 16:35,Darren
139,Hubbard(ID 139),10016,917-687-2256,4627,06/29/08 10:41,Quinten
98,Rasmus(ID 98)sen,10015,646-812-7298,4628,06/29/08 12:52,Brenden
80,Fly(ID 80)nn,11109,646-725-6832,4629,06/30/08 10:13,Nelson
104,Rob(ID 104)erson,10118,212-629-8042,4630,06/30/08 13:55,Dillon
84,Robles(ID 84),10451,917-612-4762,4631,06/30/08 14:53,Makhi
47,Owen(ID 47)s,11239,347-766-3697,4632,06/30/08 15:10,Brayan
110,Hood(ID 110),10014,917-336-9522,4633,2007/1/8 9:35,Kade
39,Cr(ID 39)osby,11436,646-662-5349,4634,2007/1/8 12:23,Damaris
79,Bowe(ID 79)n,11238,646-292-3920,4635,2007/1/8 13:42,Mariam
125,Spence(ID 125)r,11411,917-605-3899,4636,2007/1/8 15:37,Lacey
153,Hunte(ID 153)r,11109,212-793-5299,4637,2007/1/8 16:43,Leland
146,Wilkins(ID 146)on,10303,347-524-8554,4638,2007/2/8 8:18,Brett
163,Ingr(ID 163)am,11224,718-543-2608,4639,2007/3/8 8:29,Donavan
153,Hunter(ID 153),11109,212-793-5299,4640,2007/3/8 14:53,Leland
62,Henso(ID 62)n,10173,917-353-7715,4641,2007/3/8 16:27,Ansley
167,Reynold(ID 167)s,10019,646-527-1224,4642,2007/4/8 13:50,Neveah
74,Gilli(ID 74)am,10279,917-593-3931,4643,2007/5/8 8:58,Zackary
48,Smit(ID 48)h,10464,212-432-9911,4644,2007/5/8 9:49,Jaylen
5,Glov(ID 5)er,10026,646-623-7673,4645,2007/5/8 10:15,Cael
67,Gra(ID 67)y,10309,917-280-8507,4646,2007/6/8 8:50,Danny
80,Fly(ID 80)nn,11109,646-725-6832,4647,2007/6/8 14:28,Nelson
41,Wil(ID 41)kins,10302,917-766-5604,4648,2007/6/8 15:15,Ryleigh
61,Ay(ID 61)ala,10167,917-745-5684,4649,2007/6/8 15:40,Rylie
47,Owen(ID 47)s,11239,347-766-3697,4650,2007/6/8 16:42,Brayan
161,Pa(ID 161)ce,11216,646-619-7420,4651,2007/7/8 11:33,Peyton
19,Emerson(ID 19),10028,347-276-8948,4652,2007/8/8 8:44,Salvador
30,Cro(ID 30)sby,10473,646-223-6544,4653,2007/8/8 12:02,Alexus
194,Beck(ID 194),10463,718-351-9427,4654,2007/8/8 16:32,Kymani
39,Cros(ID 39)by,11436,646-662-5349,4655,2007/9/8 14:02,Damaris
76,Cru(ID 76)z,10103,917-586-9422,4656,2007/9/8 14:30,Dixie
126,Peter(ID 126)s,11363,718-380-2477,4657,2007/9/8 16:47,Serena
100,Ing(ID 100)ram,10026,212-780-2467,4658,2007/10/8 9:39,Branson
146,Wilk(ID 146)inson,10303,347-524-8554,4659,2007/12/8 13:59,Brett
18,Bruc(ID 18)e,11218,646-522-7235,4660,07/13/08 15:10,Jack
82,Roger(ID 82)s,11370,917-782-8106,4661,07/14/08 15:50,Harry
191,Spar(ID 191)ks,11211,212-522-5661,4662,07/15/08 13:51,Kai
158,Case(ID 158)y,11209,917-647-6620,4663,07/17/08 11:37,Alessandro
156,Coo(ID 156)k,10045,917-808-6186,4664,07/17/08 13:05,Jacoby
91,Payn(ID 91)e,10005,212-498-6862,4665,07/17/08 16:00,Pedro
32,Rot(ID 32)h,11208,212-614-7981,4666,07/18/08 10:11,Reese
115,Harrison(ID 115),11694,646-614-8165,4667,07/18/08 12:28,Mathew
7,Ewi(ID 7)ng,10106,347-409-5439,4668,07/18/08 15:03,Jaqueline
152,Med(ID 152)ina,10308,646-819-2778,4669,07/20/08 08:04,Elianna
5,Glov(ID 5)er,10026,646-623-7673,4670,07/20/08 11:20,Cael
166,Gut(ID 166)hrie,11204,212-560-3413,4671,07/20/08 12:35,Rihanna
2,Harris(ID 2),11223,646-382-3431,4672,07/20/08 14:31,Reynaldo
140,Buc(ID 140)k,10162,212-592-7909,4673,07/21/08 10:14,Skylar
131,Kno(ID 131)wles,10122,917-785-7273,4674,07/21/08 12:46,Desmond
155,Schroede(ID 155)r,11362,347-373-6302,4675,07/22/08 14:21,Leia
94,Wa(ID 94)re,10013,646-391-9926,4676,07/22/08 14:47,Beau
96,Jordan(ID 96),10029,347-840-4080,4677,07/23/08 08:59,Bailey
32,Roth(ID 32),11208,212-614-7981,4678,07/25/08 14:29,Reese
10,Ho(ID 10)ffman,11366,917-613-6421,4679,07/25/08 16:09,Aliya
183,Bentle(ID 183)y,10470,917-278-4443,4680,07/25/08 16:38,Londyn
56,Joyc(ID 56)e,11234,212-671-1389,4681,07/26/08 12:02,Immanuel
54,Bul(ID 54)lock,11210,718-708-3598,4682,07/26/08 13:04,Jayson
22,Abb(ID 22)ott,11377,917-823-9292,4683,07/27/08 14:54,Hadassah
40,Ro(ID 40)se,11367,347-823-6645,4684,07/28/08 16:44,King
152,Medin(ID 152)a,10308,646-819-2778,4685,07/29/08 12:52,Elianna
1,Chris(ID 1)tensen,10006,646-376-4466,4686,07/30/08 10:27,Jaylen
116,Clar(ID 116)k,10468,646-576-9372,4687,07/30/08 15:53,Dylan
192,Whitfiel(ID 192)d,10037,347-356-9081,4688,07/31/08 08:06,Jayden
3,Franklin(ID 3),10099,718-510-6575,4689,07/31/08 09:10,Yandel
183,Bentle(ID 183)y,10470,917-278-4443,4690,2008/1/8 10:29,Londyn
12,Oliv(ID 12)er,11413,917-252-3830,4691,2008/1/8 13:27,Angelique
41,Wil(ID 41)kins,10302,917-766-5604,4692,2008/2/8 16:18,Ryleigh
176,May(ID 176)s,10165,917-265-9366,4693,2008/3/8 10:31,Alison
105,Park(ID 105)s,11385,718-483-5325,4694,2008/4/8 10:00,Porter
143,Kirkl(ID 143)and,10468,347-479-2352,4695,2008/5/8 15:09,Jasiah
195,Trav(ID 195)is,10459,917-444-3708,4696,2008/6/8 16:19,Darius
90,Kidd(ID 90),11220,347-346-9229,4697,2008/7/8 13:57,Janiah
62,He(ID 62)nson,10173,917-353-7715,4698,2008/7/8 16:41,Ansley
134,Henso(ID 134)n,11356,917-716-1314,4699,2008/7/8 16:49,Karli
47,Owens(ID 47),11239,347-766-3697,4700,2008/8/8 13:28,Brayan
80,Fl(ID 80)ynn,11109,646-725-6832,4701,2008/9/8 8:41,Nelson
175,Steph(ID 175)enson,11374,718-792-7253,4702,2008/10/8 13:18,Bridger
81,John(ID 81)son,11210,917-426-2147,4703,2008/11/8 9:04,Aileen
174,McCoy(ID 174),11220,347-312-4725,4704,2008/11/8 11:39,Charles
113,Brewer(ID 113),11209,646-614-1481,4705,2008/12/8 9:14,Regina
18,Bruce(ID 18),11218,646-522-7235,4706,08/13/08 16:09,Jack
148,Fo(ID 148)wler,10118,212-722-7454,4707,08/13/08 16:22,Holden
104,Rob(ID 104)erson,10118,212-629-8042,4708,08/14/08 13:36,Dillon
111,Hess(ID 111),11237,917-302-6036,4709,08/15/08 15:56,Belen
150,Gaines(ID 150),11422,718-823-7799,4710,08/16/08 09:48,Kaleigh
170,Whitfi(ID 170)eld,10469,212-827-7355,4711,08/16/08 10:55,Skylar
145,Mil(ID 145)es,11373,917-657-9916,4712,08/17/08 15:31,Giuliana
71,Baldwin(ID 71),10024,917-661-5442,4713,08/17/08 16:57,Lucy
134,Hens(ID 134)on,11356,917-716-1314,4714,08/18/08 11:48,Karli
182,Go(ID 182)od,10039,718-660-6567,4715,08/18/08 12:39,Kassidy
188,Jose(ID 188)ph,10172,212-533-9260,4716,08/19/08 08:04,Makenna
193,One(ID 193)il,10069,646-733-3847,4717,08/20/08 11:19,Savanna
104,Roberson(ID 104),10118,212-629-8042,4718,08/20/08 16:13,Dillon
178,Moral(ID 178)es,11217,212-772-6202,4719,08/21/08 12:44,Maximilian
140,Bu(ID 140)ck,10162,212-592-7909,4720,08/21/08 15:37,Skylar
182,Good(ID 182),10039,718-660-6567,4721,08/23/08 13:40,Kassidy
31,Schmid(ID 31)t,11237,718-294-7531,4722,08/23/08 14:39,Jazmin
12,Olive(ID 12)r,11413,917-252-3830,4723,08/24/08 10:03,Angelique
109,Scott(ID 109),10048,917-284-9436,4724,08/24/08 12:30,Jordan
109,Scot(ID 109)t,10048,917-284-9436,4725,08/24/08 12:35,Jordan
159,Woodar(ID 159)d,10110,718-496-7026,4726,08/24/08 14:04,Mireya
20,Flower(ID 20)s,10168,646-547-6398,4727,08/26/08 12:10,Reed
165,Ber(ID 165)g,11420,646-605-8063,4728,08/27/08 11:01,Cannon
39,Cro(ID 39)sby,11436,646-662-5349,4729,08/27/08 13:48,Damaris
104,Ro(ID 104)berson,10118,212-629-8042,4730,08/29/08 08:49,Dillon
25,Med(ID 25)ina,11419,917-361-9803,4731,08/29/08 10:25,Khalil
108,Dickers(ID 108)on,10111,718-703-9796,4732,08/29/08 12:08,Adeline
56,Joyc(ID 56)e,11234,212-671-1389,4733,08/30/08 09:40,Immanuel
93,Wilcox(ID 93),10466,347-314-5165,4734,08/31/08 12:03,Vance
12,Ol(ID 12)iver,11413,917-252-3830,4735,08/31/08 12:32,Angelique
105,Parks(ID 105),11385,718-483-5325,4736,08/31/08 15:44,Porter
20,Flowe(ID 20)rs,10168,646-547-6398,4737,2009/3/8 12:21,Reed
32,Roth(ID 32),11208,212-614-7981,4738,2009/3/8 13:20,Reese
111,He(ID 111)ss,11237,917-302-6036,4739,2009/3/8 13:39,Belen
77,Edward(ID 77)s,10468,347-774-4501,4740,2009/4/8 12:13,Yair
190,Richmon(ID 190)d,11224,646-799-3731,4741,2009/4/8 13:02,Kaylee
14,Pott(ID 14)s,11221,646-228-5446,4742,2009/5/8 8:05,Jeramiah
52,En(ID 52)gland,10014,347-368-1526,4743,2009/5/8 8:25,Jaycee
13,Bu(ID 13)ckner,10304,212-836-6512,4744,2009/5/8 12:03,Melvin
179,Mannin(ID 179)g,10021,646-573-3267,4745,2009/5/8 14:20,Carleigh
124,Lea(ID 124)ch,10005,347-570-3346,4746,2009/8/8 8:35,Cody
89,Hinto(ID 89)n,11363,212-335-8571,4747,2009/8/8 15:53,Irvin
49,Nels(ID 49)on,10035,718-511-4170,4748,2009/9/8 9:29,Selina
135,Ri(ID 135)vera,11361,212-340-5502,4749,2009/9/8 9:50,Lena
127,Rasmusse(ID 127)n,11422,718-534-2403,4750,2009/9/8 11:05,Alexia
41,Wilkin(ID 41)s,10302,917-766-5604,4751,2009/9/8 12:10,Ryleigh
55,Jarvi(ID 55)s,11375,646-804-4663,4752,2009/9/8 15:02,Amy
100,Ing(ID 100)ram,10026,212-780-2467,4753,2009/10/8 8:32,Branson
26,Marti(ID 26)n,10123,212-403-5255,4754,2009/12/8 13:17,Jaylan
8,Bur(ID 8)ns,10120,212-220-3311,4755,2009/12/8 13:58,Darren
101,Nix(ID 101)on,11249,212-523-6502,4756,09/13/08 14:00,Anabella
110,Ho(ID 110)od,10014,917-336-9522,4757,09/14/08 13:43,Kade
68,Burne(ID 68)tt,11366,917-355-7377,4758,09/14/08 16:34,Autumn
142,Duke(ID 142),10112,718-245-5292,4759,09/15/08 11:16,Harrison
100,In(ID 100)gram,10026,212-780-2467,4760,09/16/08 11:35,Branson
14,Potts(ID 14),11221,646-228-5446,4761,09/16/08 12:08,Jeramiah
188,Jose(ID 188)ph,10172,212-533-9260,4762,09/17/08 11:45,Makenna
13,Bu(ID 13)ckner,10304,212-836-6512,4763,09/20/08 08:56,Melvin
85,Kaufman(ID 85),11230,212-832-9113,4764,09/21/08 11:00,Elianna
185,Bridg(ID 185)es,10128,917-338-2937,4765,09/21/08 11:42,Malia
100,Ingra(ID 100)m,10026,212-780-2467,4766,09/21/08 12:02,Branson
121,Liv(ID 121)ingston,11414,917-364-9971,4767,09/21/08 14:04,Jazmyn
117,Foreman(ID 117),11697,917-380-2950,4768,09/21/08 16:47,Aliza
55,Jarvi(ID 55)s,11375,646-804-4663,4769,09/21/08 16:54,Amy
140,Buck(ID 140),10162,212-592-7909,4770,09/23/08 08:16,Skylar
149,For(ID 149)bes,10281,917-687-6671,4771,09/23/08 08:21,Savanah
106,Es(ID 106)trada,11360,646-234-2097,4772,09/24/08 10:56,Briley
101,Ni(ID 101)xon,11249,212-523-6502,4773,09/24/08 15:27,Anabella
93,Wi(ID 93)lcox,10466,347-314-5165,4774,09/25/08 16:57,Vance
160,Cantr(ID 160)ell,10280,646-813-3328,4775,09/27/08 16:59,Raegan
52,Engla(ID 52)nd,10014,347-368-1526,4776,09/28/08 11:34,Jaycee
63,Rand(ID 63)olph,11207,347-625-6847,4777,09/28/08 12:28,Quentin
182,Go(ID 182)od,10039,718-660-6567,4778,09/29/08 08:46,Kassidy
4,Sh(ID 4)ort,11230,718-664-9574,4779,09/29/08 09:06,Lia
139,Hub(ID 139)bard,10016,917-687-2256,4780,09/30/08 08:52,Quinten
55,Jarv(ID 55)is,11375,646-804-4663,4781,09/30/08 12:51,Amy
101,Nixo(ID 101)n,11249,212-523-6502,4782,2010/1/8 8:03,Anabella
142,Duk(ID 142)e,10112,718-245-5292,4783,2010/1/8 8:31,Harrison
195,Travis(ID 195),10459,917-444-3708,4784,2010/2/8 11:07,Darius
62,Hens(ID 62)on,10173,917-353-7715,4785,2010/3/8 14:52,Ansley
175,Stephenso(ID 175)n,11374,718-792-7253,4786,2010/4/8 10:57,Bridger
47,Ow(ID 47)ens,11239,347-766-3697,4787,2010/5/8 12:04,Brayan
10,Hoff(ID 10)man,11366,917-613-6421,4788,2010/5/8 13:36,Aliya
172,Ro(ID 172)sa,10031,917-669-3112,4789,2010/5/8 13:59,Fernando
145,Miles(ID 145),11373,917-657-9916,4790,2010/6/8 11:07,Giuliana
1,Christense(ID 1)n,10006,646-376-4466,4791,2010/6/8 16:08,Jaylen
35,Park(ID 35)er,10010,212-525-3571,4792,2010/7/8 8:23,Amari
70,Forbes(ID 70),10154,347-642-8572,4793,2010/7/8 9:50,Terrance
167,Re(ID 167)ynolds,10019,646-527-1224,4794,2010/9/8 12:53,Neveah
159,Wo(ID 159)odard,10110,718-496-7026,4795,2010/11/8 8:14,Mireya
34,Dun(ID 34)can,10032,646-544-5915,4796,2010/12/8 9:21,Adrianna
76,Cruz(ID 76),10103,917-586-9422,4797,2010/12/8 11:58,Dixie
47,Owe(ID 47)ns,11239,347-766-3697,4798,2010/12/8 14:02,Brayan
191,Spar(ID 191)ks,11211,212-522-5661,4799,2010/12/8 15:09,Kai
90,Kidd(ID 90),11220,347-346-9229,4800,10/13/08 11:18,Janiah
108,Dickerson(ID 108),10111,718-703-9796,4801,10/14/08 08:36,Adeline
64,Bur(ID 64)ton,10465,646-336-1902,4802,10/14/08 11:45,Miles
37,Ro(ID 37)we,10158,646-524-8955,4803,10/15/08 09:06,Grace
166,Guth(ID 166)rie,11204,212-560-3413,4804,10/15/08 12:41,Rihanna
174,Mc(ID 174)Coy,11220,347-312-4725,4805,10/16/08 08:26,Charles
150,Gaine(ID 150)s,11422,718-823-7799,4806,10/16/08 10:08,Kaleigh
19,Eme(ID 19)rson,10028,347-276-8948,4807,10/16/08 16:27,Salvador
41,Wi(ID 41)lkins,10302,917-766-5604,4808,10/18/08 13:37,Ryleigh
167,Reynolds(ID 167),10019,646-527-1224,4809,10/19/08 10:19,Neveah
49,Nelso(ID 49)n,10035,718-511-4170,4810,10/19/08 16:30,Selina
9,Mayo(ID 9),11358,212-537-6720,4811,10/20/08 09:06,Rigoberto
115,Har(ID 115)rison,11694,646-614-8165,4812,10/20/08 13:45,Mathew
91,Payne(ID 91),10005,212-498-6862,4813,10/21/08 16:41,Pedro
113,Brewer(ID 113),11209,646-614-1481,4814,10/22/08 08:19,Regina
175,Stephenso(ID 175)n,11374,718-792-7253,4815,10/22/08 09:37,Bridger
100,Ingra(ID 100)m,10026,212-780-2467,4816,10/24/08 09:36,Branson
136,La(ID 136)mb,10302,718-408-4184,4817,10/24/08 10:44,Deborah
72,Lin(ID 72)dsey,10307,212-411-1820,4818,10/25/08 08:59,Deja
5,Glo(ID 5)ver,10026,646-623-7673,4819,10/25/08 09:37,Cael
182,Go(ID 182)od,10039,718-660-6567,4820,10/25/08 14:51,Kassidy
131,Knowle(ID 131)s,10122,917-785-7273,4821,10/25/08 16:43,Desmond
109,Scott(ID 109),10048,917-284-9436,4822,10/26/08 09:54,Jordan
127,Rasmus(ID 127)sen,11422,718-534-2403,4823,10/26/08 16:28,Alexia
155,Schroeder(ID 155),11362,347-373-6302,4824,10/27/08 11:56,Leia
103,Bryan(ID 103),10168,646-523-3121,4825,10/28/08 08:26,Fabian
2,Harri(ID 2)s,11223,646-382-3431,4826,10/28/08 13:58,Reynaldo
49,Nel(ID 49)son,10035,718-511-4170,4827,10/30/08 09:59,Selina
35,Par(ID 35)ker,10010,212-525-3571,4828,2011/1/8 9:48,Amari
47,Owens(ID 47),11239,347-766-3697,4829,2011/1/8 10:44,Brayan
110,Ho(ID 110)od,10014,917-336-9522,4830,2011/1/8 13:26,Kade
41,Wilk(ID 41)ins,10302,917-766-5604,4831,2011/2/8 13:59,Ryleigh
42,Towns(ID 42)end,10314,212-775-3412,4832,2011/3/8 10:05,Stanley
90,Kidd(ID 90),11220,347-346-9229,4833,2011/3/8 14:08,Janiah
183,Bentl(ID 183)ey,10470,917-278-4443,4834,2011/5/8 8:45,Londyn
167,Reynolds(ID 167),10019,646-527-1224,4835,2011/5/8 15:49,Neveah
116,Clar(ID 116)k,10468,646-576-9372,4836,2011/6/8 8:16,Dylan
163,Ingram(ID 163),11224,718-543-2608,4837,2011/6/8 8:39,Donavan
181,Miller(ID 181),10451,917-728-8534,4838,2011/6/8 11:22,Jakobe
105,Parks(ID 105),11385,718-483-5325,4839,2011/6/8 12:34,Porter
50,Matt(ID 50)hews,10128,212-748-5980,4840,2011/7/8 12:59,Susan
54,Bu(ID 54)llock,11210,718-708-3598,4841,2011/8/8 8:44,Jayson
85,Ka(ID 85)ufman,11230,212-832-9113,4842,2011/8/8 10:50,Elianna
150,Ga(ID 150)ines,11422,718-823-7799,4843,2011/8/8 12:04,Kaleigh
148,Fow(ID 148)ler,10118,212-722-7454,4844,2011/10/8 10:14,Holden
55,Ja(ID 55)rvis,11375,646-804-4663,4845,2011/10/8 13:21,Amy
161,Pac(ID 161)e,11216,646-619-7420,4846,2011/10/8 14:25,Peyton
136,Lamb(ID 136),10302,718-408-4184,4847,2011/11/8 10:03,Deborah
149,Fo(ID 149)rbes,10281,917-687-6671,4848,2011/11/8 10:40,Savanah
41,Wilki(ID 41)ns,10302,917-766-5604,4849,2011/11/8 14:43,Ryleigh
167,Reynold(ID 167)s,10019,646-527-1224,4850,2011/12/8 14:55,Neveah
112,Ram(ID 112)os,11101,646-537-5741,4851,11/13/08 15:18,Mekhi
94,Wa(ID 94)re,10013,646-391-9926,4852,11/14/08 08:32,Beau
135,Rivera(ID 135),11361,212-340-5502,4853,11/14/08 13:45,Lena
57,Harre(ID 57)ll,10451,347-270-4389,4854,11/14/08 16:26,Lia
131,Knowles(ID 131),10122,917-785-7273,4855,11/15/08 12:57,Desmond
117,Foreman(ID 117),11697,917-380-2950,4856,11/15/08 15:30,Aliza
87,Spenc(ID 87)e,11241,347-729-6167,4857,11/16/08 12:07,Braylon
195,Travi(ID 195)s,10459,917-444-3708,4858,11/16/08 13:08,Darius
100,Ingr(ID 100)am,10026,212-780-2467,4859,11/16/08 15:31,Branson
67,Gr(ID 67)ay,10309,917-280-8507,4860,11/17/08 08:16,Danny
147,Weis(ID 147)s,11203,347-518-5638,4861,11/17/08 08:17,Conor
192,Whitfi(ID 192)eld,10037,347-356-9081,4862,11/18/08 08:13,Jayden
37,Rowe(ID 37),10158,646-524-8955,4863,11/18/08 12:20,Grace
57,Harr(ID 57)ell,10451,347-270-4389,4864,11/18/08 16:03,Lia
178,Morale(ID 178)s,11217,212-772-6202,4865,11/19/08 14:02,Maximilian
144,Galle(ID 144)gos,11421,917-617-3764,4866,11/19/08 15:09,Donna
70,Forbe(ID 70)s,10154,347-642-8572,4867,11/19/08 15:51,Terrance
105,Par(ID 105)ks,11385,718-483-5325,4868,11/19/08 16:01,Porter
118,Hunt(ID 118),10028,212-705-8822,4869,11/20/08 09:59,Kenley
11,Ma(ID 11)rtinez,10006,718-771-3686,4870,11/20/08 11:27,Luna
42,Townsend(ID 42),10314,212-775-3412,4871,11/20/08 13:46,Stanley
139,Hu(ID 139)bbard,10016,917-687-2256,4872,11/20/08 16:37,Quinten
38,Rios(ID 38),11362,917-560-5580,4873,11/22/08 12:27,Dawson
90,Kid(ID 90)d,11220,347-346-9229,4874,11/22/08 15:11,Janiah
16,Kidd(ID 16),10170,347-385-1742,4875,11/23/08 14:11,Dayana
109,Scot(ID 109)t,10048,917-284-9436,4876,11/24/08 11:57,Jordan
124,Leach(ID 124),10005,347-570-3346,4877,11/24/08 12:52,Cody
2,Harris(ID 2),11223,646-382-3431,4878,11/24/08 14:44,Reynaldo
191,Spa(ID 191)rks,11211,212-522-5661,4879,11/24/08 15:38,Kai
108,Dickers(ID 108)on,10111,718-703-9796,4880,11/24/08 16:33,Adeline
182,Go(ID 182)od,10039,718-660-6567,4881,11/25/08 11:04,Kassidy
123,Ingram(ID 123),10015,917-682-3372,4882,11/25/08 15:08,Moses
102,Wilso(ID 102)n,11211,917-728-8694,4883,11/26/08 14:06,Anabelle
83,Hopp(ID 83)er,11418,917-350-9472,4884,11/27/08 10:07,Kamryn
10,Hoffman(ID 10),11366,917-613-6421,4885,11/27/08 11:38,Aliya
8,Bu(ID 8)rns,10120,212-220-3311,4886,11/27/08 12:25,Darren
152,Medi(ID 152)na,10308,646-819-2778,4887,11/28/08 11:21,Elianna
48,Smi(ID 48)th,10464,212-432-9911,4888,11/28/08 12:49,Jaylen
148,Fowl(ID 148)er,10118,212-722-7454,4889,11/30/08 09:17,Holden
20,Flo(ID 20)wers,10168,646-547-6398,4890,11/30/08 12:15,Reed
109,Sco(ID 109)tt,10048,917-284-9436,4891,2012/1/8 15:09,Jordan
16,Kidd(ID 16),10170,347-385-1742,4892,2012/3/8 9:43,Dayana
139,Hub(ID 139)bard,10016,917-687-2256,4893,2012/3/8 11:45,Quinten
90,Ki(ID 90)dd,11220,347-346-9229,4894,2012/3/8 12:57,Janiah
145,Miles(ID 145),11373,917-657-9916,4895,2012/3/8 16:40,Giuliana
59,Melton(ID 59),11432,646-270-2996,4896,2012/5/8 14:01,Desiree
153,Hunte(ID 153)r,11109,212-793-5299,4897,2012/6/8 14:47,Leland
1,Chr(ID 1)istensen,10006,646-376-4466,4898,2012/6/8 15:50,Jaylen
107,Pratt(ID 107),10174,917-830-8782,4899,2012/7/8 16:26,Elliana
139,Hubb(ID 139)ard,10016,917-687-2256,4900,2012/9/8 14:31,Quinten
115,Harr(ID 115)ison,11694,646-614-8165,4901,2012/10/8 8:59,Mathew
67,Gra(ID 67)y,10309,917-280-8507,4902,2012/10/8 11:31,Danny
136,La(ID 136)mb,10302,718-408-4184,4903,2012/11/8 15:58,Deborah
145,Mi(ID 145)les,11373,917-657-9916,4904,2012/12/8 11:28,Giuliana
33,Padil(ID 33)la,11357,646-358-6884,4905,12/13/08 11:16,Presley
183,Ben(ID 183)tley,10470,917-278-4443,4906,12/13/08 11:36,Londyn
135,Riv(ID 135)era,11361,212-340-5502,4907,12/15/08 14:02,Lena
106,Estra(ID 106)da,11360,646-234-2097,4908,12/15/08 16:10,Briley
4,Shor(ID 4)t,11230,718-664-9574,4909,12/15/08 16:33,Lia
121,Liv(ID 121)ingston,11414,917-364-9971,4910,12/16/08 09:41,Jazmyn
133,Turn(ID 133)er,11216,347-589-7132,4911,12/16/08 11:37,Katherine
106,Estrad(ID 106)a,11360,646-234-2097,4912,12/16/08 16:34,Briley
97,Hest(ID 97)er,11435,917-817-8225,4913,12/17/08 13:21,Reina
28,Bar(ID 28)ron,10467,212-510-3235,4914,12/17/08 14:38,Tristin
168,Holme(ID 168)s,11101,718-451-2157,4915,12/17/08 15:32,Kierra
56,Joyce(ID 56),11234,212-671-1389,4916,12/17/08 15:43,Immanuel
3,Frankl(ID 3)in,10099,718-510-6575,4917,12/18/08 15:36,Yandel
129,Grah(ID 129)am,11693,646-246-7524,4918,12/19/08 09:08,Deven
117,Forema(ID 117)n,11697,917-380-2950,4919,12/19/08 09:20,Aliza
105,Par(ID 105)ks,11385,718-483-5325,4920,12/19/08 12:17,Porter
63,Randolph(ID 63),11207,347-625-6847,4921,12/20/08 08:57,Quentin
63,Rando(ID 63)lph,11207,347-625-6847,4922,12/20/08 14:41,Quentin
30,Crosb(ID 30)y,10473,646-223-6544,4923,12/20/08 16:33,Alexus
66,Andre(ID 66)ws,11234,718-746-4988,4924,12/21/08 11:06,Yaritza
69,Vel(ID 69)azquez,11417,917-811-9147,4925,12/23/08 10:20,Sarah
105,Par(ID 105)ks,11385,718-483-5325,4926,12/23/08 15:01,Porter
78,Whitehea(ID 78)d,11218,212-423-2062,4927,12/24/08 08:27,Octavio
119,Da(ID 119)vidson,10451,718-457-2953,4928,12/24/08 12:09,Tatiana
111,Hess(ID 111),11237,917-302-6036,4929,12/24/08 13:10,Belen
39,Crosb(ID 39)y,11436,646-662-5349,4930,12/25/08 13:12,Damaris
84,Ro(ID 84)bles,10451,917-612-4762,4931,12/26/08 10:28,Makhi
194,Beck(ID 194),10463,718-351-9427,4932,12/26/08 11:40,Kymani
151,Hull(ID 151),10457,347-829-1136,4933,12/27/08 16:18,Kaiya
61,Aya(ID 61)la,10167,917-745-5684,4934,12/28/08 12:10,Rylie
135,River(ID 135)a,11361,212-340-5502,4935,12/28/08 13:16,Lena
87,Spence(ID 87),11241,347-729-6167,4936,12/28/08 14:33,Braylon
163,Ing(ID 163)ram,11224,718-543-2608,4937,12/29/08 12:17,Donavan
166,Gut(ID 166)hrie,11204,212-560-3413,4938,12/29/08 13:31,Rihanna
73,At(ID 73)kinson,10007,646-772-2257,4939,12/30/08 09:19,Colby
175,Steph(ID 175)enson,11374,718-792-7253,4940,12/30/08 13:42,Bridger
74,Gi(ID 74)lliam,10279,917-593-3931,4941,12/31/08 09:12,Zackary
52,En(ID 52)gland,10014,347-368-1526,4942,12/31/08 12:41,Jaycee
115,Har(ID 115)rison,11694,646-614-8165,4943,2001/1/9 9:27,Mathew
19,Em(ID 19)erson,10028,347-276-8948,4944,2001/1/9 12:23,Salvador
126,Peters(ID 126),11363,718-380-2477,4945,2001/2/9 9:20,Serena
35,Parke(ID 35)r,10010,212-525-3571,4946,2001/2/9 12:36,Amari
73,Atkinson(ID 73),10007,646-772-2257,4947,2001/3/9 11:24,Colby
108,Dickerson(ID 108),10111,718-703-9796,4948,2001/4/9 13:08,Adeline
35,Park(ID 35)er,10010,212-525-3571,4949,2001/4/9 16:23,Amari
109,Scot(ID 109)t,10048,917-284-9436,4950,2001/6/9 14:26,Jordan
161,Pac(ID 161)e,11216,646-619-7420,4951,2001/7/9 8:14,Peyton
108,Dick(ID 108)erson,10111,718-703-9796,4952,2001/7/9 11:12,Adeline
62,Hens(ID 62)on,10173,917-353-7715,4953,2001/7/9 15:33,Ansley
174,McCoy(ID 174),11220,347-312-4725,4954,2001/7/9 16:45,Charles
55,Jarvis(ID 55),11375,646-804-4663,4955,2001/8/9 10:45,Amy
117,Forema(ID 117)n,11697,917-380-2950,4956,2001/8/9 12:01,Aliza
154,Pi(ID 154)tts,10166,347-320-2243,4957,2001/9/9 10:07,Landyn
49,Nel(ID 49)son,10035,718-511-4170,4958,2001/9/9 10:57,Selina
174,McC(ID 174)oy,11220,347-312-4725,4959,2001/9/9 14:28,Charles
177,St(ID 177)ephenson,10169,646-354-5674,4960,2001/10/9 9:46,Aaliyah
84,Rob(ID 84)les,10451,917-612-4762,4961,2001/11/9 9:17,Makhi
125,Spencer(ID 125),11411,917-605-3899,4962,2001/11/9 12:06,Lacey
1,Christens(ID 1)en,10006,646-376-4466,4963,2001/11/9 15:20,Jaylen
170,Whitfie(ID 170)ld,10469,212-827-7355,4964,01/13/09 08:02,Skylar
142,Du(ID 142)ke,10112,718-245-5292,4965,01/13/09 11:52,Harrison
31,Sc(ID 31)hmidt,11237,718-294-7531,4966,01/14/09 09:05,Jazmin
47,Owen(ID 47)s,11239,347-766-3697,4967,01/15/09 09:08,Brayan
183,Ben(ID 183)tley,10470,917-278-4443,4968,01/15/09 16:22,Londyn
41,Wilk(ID 41)ins,10302,917-766-5604,4969,01/15/09 16:40,Ryleigh
50,Matth(ID 50)ews,10128,212-748-5980,4970,01/17/09 10:24,Susan
67,Gra(ID 67)y,10309,917-280-8507,4971,01/17/09 12:36,Danny
149,For(ID 149)bes,10281,917-687-6671,4972,01/18/09 08:21,Savanah
170,Whitf(ID 170)ield,10469,212-827-7355,4973,01/18/09 09:10,Skylar
48,Smit(ID 48)h,10464,212-432-9911,4974,01/18/09 13:11,Jaylen
140,Buc(ID 140)k,10162,212-592-7909,4975,01/19/09 08:11,Skylar
44,Nune(ID 44)z,10010,917-738-7813,4976,01/19/09 08:53,Ciara
90,Kidd(ID 90),11220,347-346-9229,4977,01/20/09 15:56,Janiah
99,Sha(ID 99)nnon,11368,646-352-2431,4978,01/20/09 16:50,Kyla
53,Lin(ID 53)dsey,11372,917-719-1929,4979,01/21/09 14:27,Eve
97,Hest(ID 97)er,11435,917-817-8225,4980,01/22/09 10:46,Reina
158,Ca(ID 158)sey,11209,917-647-6620,4981,01/22/09 11:41,Alessandro
185,Bridge(ID 185)s,10128,917-338-2937,4982,01/22/09 14:17,Malia
119,Davidson(ID 119),10451,718-457-2953,4983,01/22/09 14:51,Tatiana
140,Buc(ID 140)k,10162,212-592-7909,4984,01/22/09 15:30,Skylar
111,Hess(ID 111),11237,917-302-6036,4985,01/23/09 14:42,Belen
186,McConnel(ID 186)l,11413,917-363-2471,4986,01/26/09 10:35,Quintin
42,To(ID 42)wnsend,10314,212-775-3412,4987,01/27/09 12:42,Stanley
2,Harri(ID 2)s,11223,646-382-3431,4988,01/28/09 08:39,Reynaldo
37,Ro(ID 37)we,10158,646-524-8955,4989,01/29/09 12:19,Grace
85,Kauf(ID 85)man,11230,212-832-9113,4990,01/29/09 12:33,Elianna
70,For(ID 70)bes,10154,347-642-8572,4991,01/29/09 16:09,Terrance
17,Donovan(ID 17),10069,646-768-1792,4992,01/29/09 16:14,Gemma
139,Hubbar(ID 139)d,10016,917-687-2256,4993,01/30/09 08:50,Quinten
134,Henson(ID 134),11356,917-716-1314,4994,01/30/09 10:47,Karli
84,Rob(ID 84)les,10451,917-612-4762,4995,01/31/09 15:36,Makhi
169,Jimen(ID 169)ez,10453,646-595-2549,4996,01/31/09 16:37,Eduardo
192,Whi(ID 192)tfield,10037,347-356-9081,4997,2002/2/9 10:07,Jayden
49,Nelso(ID 49)n,10035,718-511-4170,4998,2002/2/9 12:19,Selina
33,Pa(ID 33)dilla,11357,646-358-6884,4999,2002/2/9 13:20,Presley
25,Medina(ID 25),11419,917-361-9803,5000,2002/3/9 13:58,Khalil
190,Ric(ID 190)hmond,11224,646-799-3731,5001,2002/3/9 15:02,Kaylee
139,Hubbard(ID 139),10016,917-687-2256,5002,2002/4/9 12:14,Quinten
48,Sm(ID 48)ith,10464,212-432-9911,5003,2002/4/9 14:03,Jaylen
62,Henso(ID 62)n,10173,917-353-7715,5004,2002/5/9 8:43,Ansley
90,Ki(ID 90)dd,11220,347-346-9229,5005,2002/6/9 8:26,Janiah
52,Engl(ID 52)and,10014,347-368-1526,5006,2002/7/9 14:07,Jaycee
128,Hint(ID 128)on,11204,646-775-3686,5007,2002/7/9 16:05,Conner
194,Bec(ID 194)k,10463,718-351-9427,5008,2002/9/9 8:38,Kymani
131,Know(ID 131)les,10122,917-785-7273,5009,2002/10/9 8:14,Desmond
160,Cantrel(ID 160)l,10280,646-813-3328,5010,2002/10/9 10:45,Raegan
149,Forbe(ID 149)s,10281,917-687-6671,5011,2002/10/9 11:35,Savanah
62,Henso(ID 62)n,10173,917-353-7715,5012,2002/10/9 12:04,Ansley
11,Martinez(ID 11),10006,718-771-3686,5013,2002/10/9 13:54,Luna
52,Eng(ID 52)land,10014,347-368-1526,5014,2002/10/9 15:00,Jaycee
119,David(ID 119)son,10451,718-457-2953,5015,2002/11/9 13:14,Tatiana
153,Hun(ID 153)ter,11109,212-793-5299,5016,2002/12/9 8:26,Leland
74,Gill(ID 74)iam,10279,917-593-3931,5017,2002/12/9 8:46,Zackary
124,Leach(ID 124),10005,347-570-3346,5018,2002/12/9 12:34,Cody
64,Burton(ID 64),10465,646-336-1902,5019,2002/12/9 15:45,Miles
87,Spence(ID 87),11241,347-729-6167,5020,02/13/09 11:23,Braylon
170,Whitfi(ID 170)eld,10469,212-827-7355,5021,02/14/09 08:59,Skylar
171,Fe(ID 171)rnandez,11379,212-358-3769,5022,02/15/09 08:11,Savanah
124,Leac(ID 124)h,10005,347-570-3346,5023,02/15/09 13:40,Cody
14,Po(ID 14)tts,11221,646-228-5446,5024,02/15/09 15:51,Jeramiah
10,Hof(ID 10)fman,11366,917-613-6421,5025,02/16/09 08:53,Aliya
37,Ro(ID 37)we,10158,646-524-8955,5026,02/16/09 12:56,Grace
101,Nixon(ID 101),11249,212-523-6502,5027,02/16/09 12:56,Anabella
156,Cook(ID 156),10045,917-808-6186,5028,02/19/09 08:14,Jacoby
195,Tr(ID 195)avis,10459,917-444-3708,5029,02/19/09 11:39,Darius
89,Hin(ID 89)ton,11363,212-335-8571,5030,02/19/09 11:56,Irvin
46,Tran(ID 46),10471,212-470-2697,5031,02/19/09 13:31,Maurice
145,Miles(ID 145),11373,917-657-9916,5032,02/19/09 15:27,Giuliana
177,Stephens(ID 177)on,10169,646-354-5674,5033,02/19/09 16:36,Aaliyah
52,Engl(ID 52)and,10014,347-368-1526,5034,02/20/09 09:21,Jaycee
80,Fl(ID 80)ynn,11109,646-725-6832,5035,02/20/09 09:27,Nelson
7,Ewi(ID 7)ng,10106,347-409-5439,5036,02/20/09 10:49,Jaqueline
68,Burn(ID 68)ett,11366,917-355-7377,5037,02/20/09 13:10,Autumn
115,Harriso(ID 115)n,11694,646-614-8165,5038,02/21/09 08:45,Mathew
148,Fo(ID 148)wler,10118,212-722-7454,5039,02/21/09 12:34,Holden
33,Padi(ID 33)lla,11357,646-358-6884,5040,02/22/09 08:22,Presley
106,Es(ID 106)trada,11360,646-234-2097,5041,02/22/09 08:56,Briley
19,Emerso(ID 19)n,10028,347-276-8948,5042,02/22/09 10:05,Salvador
108,Dicke(ID 108)rson,10111,718-703-9796,5043,02/23/09 09:02,Adeline
87,Spence(ID 87),11241,347-729-6167,5044,02/23/09 15:53,Braylon
163,Ingram(ID 163),11224,718-543-2608,5045,02/24/09 09:34,Donavan
105,Pa(ID 105)rks,11385,718-483-5325,5046,02/24/09 16:01,Porter
5,Glove(ID 5)r,10026,646-623-7673,5047,02/25/09 10:20,Cael
37,Rowe(ID 37),10158,646-524-8955,5048,02/27/09 15:15,Grace
55,Jarv(ID 55)is,11375,646-804-4663,5049,02/27/09 16:22,Amy
31,Schmi(ID 31)dt,11237,718-294-7531,5050,02/27/09 16:26,Jazmin
133,Turne(ID 133)r,11216,347-589-7132,5051,02/28/09 08:55,Katherine
76,Cr(ID 76)uz,10103,917-586-9422,5052,02/28/09 15:48,Dixie
113,Brewer(ID 113),11209,646-614-1481,5053,2003/1/9 10:14,Regina
144,Gallego(ID 144)s,11421,917-617-3764,5054,2003/2/9 10:15,Donna
160,Cantr(ID 160)ell,10280,646-813-3328,5055,2003/2/9 10:20,Raegan
154,Pitts(ID 154),10166,347-320-2243,5056,2003/2/9 16:24,Landyn
167,Reynold(ID 167)s,10019,646-527-1224,5057,2003/3/9 10:44,Neveah
88,Gilbert(ID 88),11225,347-656-8233,5058,2003/3/9 11:23,Alfonso
11,Martine(ID 11)z,10006,718-771-3686,5059,2003/4/9 15:03,Luna
146,Wilki(ID 146)nson,10303,347-524-8554,5060,2003/4/9 15:18,Brett
176,May(ID 176)s,10165,917-265-9366,5061,2003/4/9 15:44,Alison
101,Ni(ID 101)xon,11249,212-523-6502,5062,2003/7/9 9:49,Anabella
124,Lea(ID 124)ch,10005,347-570-3346,5063,2003/7/9 10:23,Cody
95,Cle(ID 95)mons,11411,347-329-7260,5064,2003/7/9 13:22,Matthias
85,Ka(ID 85)ufman,11230,212-832-9113,5065,2003/7/9 13:55,Elianna
70,For(ID 70)bes,10154,347-642-8572,5066,2003/7/9 14:17,Terrance
160,Cant(ID 160)rell,10280,646-813-3328,5067,2003/7/9 14:45,Raegan
117,Forema(ID 117)n,11697,917-380-2950,5068,2003/9/9 9:13,Aliza
57,Harrell(ID 57),10451,347-270-4389,5069,2003/10/9 12:01,Lia
39,Cr(ID 39)osby,11436,646-662-5349,5070,2003/11/9 12:45,Damaris
120,Maddox(ID 120),11428,347-248-5713,5071,2003/11/9 13:46,Kiana
175,Ste(ID 175)phenson,11374,718-792-7253,5072,2003/12/9 8:10,Bridger
18,Bru(ID 18)ce,11218,646-522-7235,5073,2003/12/9 9:51,Jack
12,Oliver(ID 12),11413,917-252-3830,5074,2003/12/9 12:18,Angelique
37,Row(ID 37)e,10158,646-524-8955,5075,03/13/09 09:43,Grace
151,Hull(ID 151),10457,347-829-1136,5076,03/13/09 10:06,Kaiya
98,Ra(ID 98)smussen,10015,646-812-7298,5077,03/13/09 10:20,Brenden
54,Bullo(ID 54)ck,11210,718-708-3598,5078,03/13/09 15:49,Jayson
37,Ro(ID 37)we,10158,646-524-8955,5079,03/14/09 15:27,Grace
124,Leac(ID 124)h,10005,347-570-3346,5080,03/15/09 08:02,Cody
108,Dicker(ID 108)son,10111,718-703-9796,5081,03/17/09 09:25,Adeline
1,Chr(ID 1)istensen,10006,646-376-4466,5082,03/17/09 11:13,Jaylen
46,Tran(ID 46),10471,212-470-2697,5083,03/18/09 10:19,Maurice
83,Hoppe(ID 83)r,11418,917-350-9472,5084,03/18/09 11:31,Kamryn
87,Spe(ID 87)nce,11241,347-729-6167,5085,03/19/09 14:11,Braylon
68,Bur(ID 68)nett,11366,917-355-7377,5086,03/20/09 11:24,Autumn
53,Lin(ID 53)dsey,11372,917-719-1929,5087,03/21/09 14:49,Eve
167,Re(ID 167)ynolds,10019,646-527-1224,5088,03/22/09 09:21,Neveah
83,Hopp(ID 83)er,11418,917-350-9472,5089,03/22/09 12:06,Kamryn
41,Wilkins(ID 41),10302,917-766-5604,5090,03/22/09 15:47,Ryleigh
156,Co(ID 156)ok,10045,917-808-6186,5091,03/22/09 16:15,Jacoby
4,Sh(ID 4)ort,11230,718-664-9574,5092,03/23/09 09:54,Lia
97,He(ID 97)ster,11435,917-817-8225,5093,03/23/09 16:46,Reina
25,Me(ID 25)dina,11419,917-361-9803,5094,03/24/09 08:53,Khalil
154,Pi(ID 154)tts,10166,347-320-2243,5095,03/24/09 09:03,Landyn
91,Pa(ID 91)yne,10005,212-498-6862,5096,03/24/09 12:20,Pedro
95,Cle(ID 95)mons,11411,347-329-7260,5097,03/24/09 13:10,Matthias
121,Livin(ID 121)gston,11414,917-364-9971,5098,03/24/09 13:17,Jazmyn
194,Beck(ID 194),10463,718-351-9427,5099,03/24/09 14:44,Kymani
85,Kauf(ID 85)man,11230,212-832-9113,5100,03/25/09 09:45,Elianna
89,Hi(ID 89)nton,11363,212-335-8571,5101,03/25/09 12:51,Irvin
176,Mays(ID 176),10165,917-265-9366,5102,03/26/09 10:43,Alison
80,Fl(ID 80)ynn,11109,646-725-6832,5103,03/26/09 15:45,Nelson
126,Pet(ID 126)ers,11363,718-380-2477,5104,03/26/09 16:16,Serena
76,Cruz(ID 76),10103,917-586-9422,5105,03/27/09 12:47,Dixie
46,Tr(ID 46)an,10471,212-470-2697,5106,03/27/09 13:00,Maurice
65,Moon(ID 65),10471,212-716-6333,5107,03/27/09 13:49,Isaias
5,Glov(ID 5)er,10026,646-623-7673,5108,03/28/09 11:50,Cael
178,Mora(ID 178)les,11217,212-772-6202,5109,03/28/09 14:55,Maximilian
93,Wil(ID 93)cox,10466,347-314-5165,5110,03/29/09 11:03,Vance
116,Cla(ID 116)rk,10468,646-576-9372,5111,03/30/09 11:46,Dylan
74,Gill(ID 74)iam,10279,917-593-3931,5112,03/31/09 08:56,Zackary
35,Pa(ID 35)rker,10010,212-525-3571,5113,03/31/09 16:24,Amari
12,Ol(ID 12)iver,11413,917-252-3830,5114,03/31/09 16:36,Angelique
191,Spa(ID 191)rks,11211,212-522-5661,5115,2004/1/9 8:46,Kai
158,Ca(ID 158)sey,11209,917-647-6620,5116,2004/1/9 9:43,Alessandro
27,Lowe(ID 27),11233,212-683-8794,5117,2004/1/9 13:49,Aaden
6,Hod(ID 6)ge,11222,917-284-5780,5118,2004/4/9 12:51,Patrick
169,Ji(ID 169)menez,10453,646-595-2549,5119,2004/4/9 13:15,Eduardo
72,Lindse(ID 72)y,10307,212-411-1820,5120,2004/4/9 13:24,Deja
157,Fo(ID 157)rd,11208,212-745-3651,5121,2004/4/9 16:30,Valentino
140,Bu(ID 140)ck,10162,212-592-7909,5122,2004/5/9 13:12,Skylar
36,Fl(ID 36)oyd,11434,917-650-7989,5123,2004/6/9 9:08,Kendrick
11,Mar(ID 11)tinez,10006,718-771-3686,5124,2004/6/9 10:45,Luna
119,Dav(ID 119)idson,10451,718-457-2953,5125,2004/6/9 11:10,Tatiana
64,Bu(ID 64)rton,10465,646-336-1902,5126,2004/6/9 13:31,Miles
122,Washington(ID 122),10041,212-439-5421,5127,2004/6/9 13:48,Ismael
56,Joyce(ID 56),11234,212-671-1389,5128,2004/6/9 16:01,Immanuel
113,Brewe(ID 113)r,11209,646-614-1481,5129,2004/7/9 15:54,Regina
88,Gilbe(ID 88)rt,11225,347-656-8233,5130,2004/7/9 16:16,Alfonso
42,Townse(ID 42)nd,10314,212-775-3412,5131,2004/8/9 10:23,Stanley
31,Sch(ID 31)midt,11237,718-294-7531,5132,2004/8/9 11:05,Jazmin
9,Mayo(ID 9),11358,212-537-6720,5133,2004/9/9 12:19,Rigoberto
40,Rose(ID 40),11367,347-823-6645,5134,2004/9/9 13:40,King
106,Estrad(ID 106)a,11360,646-234-2097,5135,2004/12/9 10:57,Briley
152,Me(ID 152)dina,10308,646-819-2778,5136,04/14/09 09:39,Elianna
165,Berg(ID 165),11420,646-605-8063,5137,04/14/09 14:59,Cannon
168,Holm(ID 168)es,11101,718-451-2157,5138,04/14/09 16:14,Kierra
160,Cantrell(ID 160),10280,646-813-3328,5139,04/14/09 16:43,Raegan
18,Bruc(ID 18)e,11218,646-522-7235,5140,04/15/09 08:04,Jack
66,Andrew(ID 66)s,11234,718-746-4988,5141,04/15/09 10:05,Yaritza
119,Davids(ID 119)on,10451,718-457-2953,5142,04/16/09 12:30,Tatiana
2,Har(ID 2)ris,11223,646-382-3431,5143,04/16/09 15:58,Reynaldo
17,Donov(ID 17)an,10069,646-768-1792,5144,04/17/09 08:37,Gemma
42,Townsen(ID 42)d,10314,212-775-3412,5145,04/18/09 09:00,Stanley
160,Can(ID 160)trell,10280,646-813-3328,5146,04/19/09 10:09,Raegan
131,Kno(ID 131)wles,10122,917-785-7273,5147,04/19/09 10:25,Desmond
143,Kirkla(ID 143)nd,10468,347-479-2352,5148,04/19/09 12:31,Jasiah
117,For(ID 117)eman,11697,917-380-2950,5149,04/19/09 14:25,Aliza
172,Ros(ID 172)a,10031,917-669-3112,5150,04/19/09 16:50,Fernando
188,Jos(ID 188)eph,10172,212-533-9260,5151,04/20/09 08:05,Makenna
22,Abbot(ID 22)t,11377,917-823-9292,5152,04/20/09 11:54,Hadassah
12,Ol(ID 12)iver,11413,917-252-3830,5153,04/20/09 16:18,Angelique
68,Burn(ID 68)ett,11366,917-355-7377,5154,04/21/09 13:23,Autumn
105,Park(ID 105)s,11385,718-483-5325,5155,04/21/09 13:53,Porter
156,Cook(ID 156),10045,917-808-6186,5156,04/21/09 16:43,Jacoby
62,Henson(ID 62),10173,917-353-7715,5157,04/23/09 11:43,Ansley
48,Smi(ID 48)th,10464,212-432-9911,5158,04/23/09 12:36,Jaylen
18,Bru(ID 18)ce,11218,646-522-7235,5159,04/24/09 08:08,Jack
133,Tur(ID 133)ner,11216,347-589-7132,5160,04/24/09 14:57,Katherine
156,Co(ID 156)ok,10045,917-808-6186,5161,04/24/09 16:59,Jacoby
5,Glov(ID 5)er,10026,646-623-7673,5162,04/25/09 10:52,Cael
75,Farrel(ID 75)l,11693,917-843-4608,5163,04/26/09 10:24,Remington
187,Emers(ID 187)on,11217,917-631-6768,5164,04/26/09 13:06,Krista
149,Fo(ID 149)rbes,10281,917-687-6671,5165,04/27/09 16:51,Savanah
126,Pe(ID 126)ters,11363,718-380-2477,5166,04/28/09 08:17,Serena
13,Buckner(ID 13),10304,212-836-6512,5167,04/28/09 09:19,Melvin
83,Hop(ID 83)per,11418,917-350-9472,5168,04/28/09 10:11,Kamryn
110,Ho(ID 110)od,10014,917-336-9522,5169,04/28/09 12:01,Kade
111,He(ID 111)ss,11237,917-302-6036,5170,04/28/09 16:50,Belen
127,Rasm(ID 127)ussen,11422,718-534-2403,5171,04/29/09 13:38,Alexia
170,Whitfie(ID 170)ld,10469,212-827-7355,5172,04/30/09 15:35,Skylar
153,Hunter(ID 153),11109,212-793-5299,5173,04/30/09 16:50,Leland
50,Ma(ID 50)tthews,10128,212-748-5980,5174,2005/1/9 9:33,Susan
70,For(ID 70)bes,10154,347-642-8572,5175,2005/1/9 11:35,Terrance
132,Craw(ID 132)ford,11105,718-658-3906,5176,2005/1/9 13:20,Jayda
35,Parker(ID 35),10010,212-525-3571,5177,2005/1/9 14:32,Amari
174,McCoy(ID 174),11220,347-312-4725,5178,2005/1/9 15:04,Charles
42,Town(ID 42)send,10314,212-775-3412,5179,2005/2/9 11:14,Stanley
119,Davidson(ID 119),10451,718-457-2953,5180,2005/3/9 9:32,Tatiana
137,Walto(ID 137)n,11422,347-350-9310,5181,2005/3/9 10:51,Amya
99,Shanno(ID 99)n,11368,646-352-2431,5182,2005/3/9 10:59,Kyla
20,Flow(ID 20)ers,10168,646-547-6398,5183,2005/3/9 14:44,Reed
63,Randol(ID 63)ph,11207,347-625-6847,5184,2005/3/9 16:24,Quentin
2,Harri(ID 2)s,11223,646-382-3431,5185,2005/4/9 8:36,Reynaldo
162,Leo(ID 162)n,10161,646-404-6826,5186,2005/4/9 13:03,Stella
121,Livingston(ID 121),11414,917-364-9971,5187,2005/4/9 13:29,Jazmyn
178,Mo(ID 178)rales,11217,212-772-6202,5188,2005/4/9 13:53,Maximilian
30,Cr(ID 30)osby,10473,646-223-6544,5189,2005/5/9 9:22,Alexus
67,Gra(ID 67)y,10309,917-280-8507,5190,2005/5/9 15:08,Danny
14,Pot(ID 14)ts,11221,646-228-5446,5191,2005/5/9 16:55,Jeramiah
113,Brewe(ID 113)r,11209,646-614-1481,5192,2005/6/9 11:39,Regina
83,Hopp(ID 83)er,11418,917-350-9472,5193,2005/6/9 13:01,Kamryn
124,Lea(ID 124)ch,10005,347-570-3346,5194,2005/7/9 12:57,Cody
186,McCon(ID 186)nell,11413,917-363-2471,5195,2005/7/9 13:52,Quintin
184,Casey(ID 184),10107,646-463-4607,5196,2005/8/9 13:07,Hallie
143,Kirkla(ID 143)nd,10468,347-479-2352,5197,2005/8/9 16:13,Jasiah
187,Emerso(ID 187)n,11217,917-631-6768,5198,2005/9/9 8:01,Krista
182,Good(ID 182),10039,718-660-6567,5199,2005/9/9 14:39,Kassidy
85,Ka(ID 85)ufman,11230,212-832-9113,5200,2005/10/9 8:51,Elianna
100,In(ID 100)gram,10026,212-780-2467,5201,2005/10/9 13:22,Branson
51,Oli(ID 51)ver,11362,347-716-1227,5202,2005/10/9 13:48,Derek
136,Lam(ID 136)b,10302,718-408-4184,5203,2005/11/9 8:54,Deborah
176,Mays(ID 176),10165,917-265-9366,5204,2005/11/9 14:17,Alison
81,Joh(ID 81)nson,11210,917-426-2147,5205,2005/12/9 11:20,Aileen
60,Beasley(ID 60),11360,347-379-6271,5206,2005/12/9 14:49,Evie
144,Gallego(ID 144)s,11421,917-617-3764,5207,2005/12/9 16:50,Donna
134,Hen(ID 134)son,11356,917-716-1314,5208,05/13/09 08:43,Karli
128,Hin(ID 128)ton,11204,646-775-3686,5209,05/13/09 11:20,Conner
67,Gray(ID 67),10309,917-280-8507,5210,05/13/09 15:31,Danny
153,Hunte(ID 153)r,11109,212-793-5299,5211,05/14/09 14:20,Leland
61,Aya(ID 61)la,10167,917-745-5684,5212,05/15/09 12:34,Rylie
54,Bullo(ID 54)ck,11210,718-708-3598,5213,05/15/09 16:11,Jayson
167,Reynold(ID 167)s,10019,646-527-1224,5214,05/15/09 16:20,Neveah
178,Morale(ID 178)s,11217,212-772-6202,5215,05/16/09 10:51,Maximilian
16,Kidd(ID 16),10170,347-385-1742,5216,05/16/09 11:03,Dayana
146,Wilkin(ID 146)son,10303,347-524-8554,5217,05/17/09 09:45,Brett
158,Ca(ID 158)sey,11209,917-647-6620,5218,05/18/09 13:19,Alessandro
56,Joyc(ID 56)e,11234,212-671-1389,5219,05/18/09 13:53,Immanuel
179,Mannin(ID 179)g,10021,646-573-3267,5220,05/18/09 15:03,Carleigh
22,Abbot(ID 22)t,11377,917-823-9292,5221,05/19/09 09:33,Hadassah
2,Har(ID 2)ris,11223,646-382-3431,5222,05/19/09 15:14,Reynaldo
144,Gallegos(ID 144),11421,917-617-3764,5223,05/21/09 08:12,Donna
168,Hol(ID 168)mes,11101,718-451-2157,5224,05/21/09 16:43,Kierra
1,Chri(ID 1)stensen,10006,646-376-4466,5225,05/22/09 14:58,Jaylen
127,Rasm(ID 127)ussen,11422,718-534-2403,5226,05/23/09 14:04,Alexia
110,Ho(ID 110)od,10014,917-336-9522,5227,05/25/09 09:39,Kade
175,Stephen(ID 175)son,11374,718-792-7253,5228,05/25/09 14:23,Bridger
27,Low(ID 27)e,11233,212-683-8794,5229,05/25/09 16:39,Aaden
98,Rasmuss(ID 98)en,10015,646-812-7298,5230,05/26/09 11:50,Brenden
100,Ingr(ID 100)am,10026,212-780-2467,5231,05/26/09 15:25,Branson
51,Oli(ID 51)ver,11362,347-716-1227,5232,05/27/09 08:14,Derek
158,Cas(ID 158)ey,11209,917-647-6620,5233,05/27/09 09:46,Alessandro
70,For(ID 70)bes,10154,347-642-8572,5234,05/27/09 15:04,Terrance
25,Medina(ID 25),11419,917-361-9803,5235,05/28/09 15:59,Khalil
113,Brewe(ID 113)r,11209,646-614-1481,5236,05/29/09 12:43,Regina
51,Oli(ID 51)ver,11362,347-716-1227,5237,05/29/09 15:48,Derek
74,Gilliam(ID 74),10279,917-593-3931,5238,05/29/09 15:49,Zackary
48,Smith(ID 48),10464,212-432-9911,5239,05/30/09 09:02,Jaylen
94,Ware(ID 94),10013,646-391-9926,5240,05/30/09 09:24,Beau
47,Owe(ID 47)ns,11239,347-766-3697,5241,05/30/09 12:54,Brayan
49,Nels(ID 49)on,10035,718-511-4170,5242,05/30/09 15:41,Selina
30,Cro(ID 30)sby,10473,646-223-6544,5243,05/30/09 16:26,Alexus
52,England(ID 52),10014,347-368-1526,5244,05/31/09 16:19,Jaycee
140,Bu(ID 140)ck,10162,212-592-7909,5245,2006/1/9 10:19,Skylar
190,Richmon(ID 190)d,11224,646-799-3731,5246,2006/2/9 11:06,Kaylee
136,La(ID 136)mb,10302,718-408-4184,5247,2006/2/9 16:44,Deborah
49,Ne(ID 49)lson,10035,718-511-4170,5248,2006/3/9 10:09,Selina
159,Wooda(ID 159)rd,10110,718-496-7026,5249,2006/3/9 12:39,Mireya
162,Le(ID 162)on,10161,646-404-6826,5250,2006/3/9 15:30,Stella
165,Berg(ID 165),11420,646-605-8063,5251,2006/4/9 10:47,Cannon
67,Gra(ID 67)y,10309,917-280-8507,5252,2006/4/9 14:24,Danny
64,Bur(ID 64)ton,10465,646-336-1902,5253,2006/5/9 8:19,Miles
34,Du(ID 34)ncan,10032,646-544-5915,5254,2006/5/9 11:36,Adrianna
70,Fo(ID 70)rbes,10154,347-642-8572,5255,2006/5/9 14:26,Terrance
133,Turn(ID 133)er,11216,347-589-7132,5256,2006/5/9 15:32,Katherine
130,Garne(ID 130)r,10010,917-338-6372,5257,2006/6/9 12:11,Kyle
131,Knowles(ID 131),10122,917-785-7273,5258,2006/6/9 14:42,Desmond
148,Fowl(ID 148)er,10118,212-722-7454,5259,2006/8/9 11:32,Holden
125,Spen(ID 125)cer,11411,917-605-3899,5260,2006/8/9 13:30,Lacey
99,Sh(ID 99)annon,11368,646-352-2431,5261,2006/9/9 14:10,Kyla
185,Bridges(ID 185),10128,917-338-2937,5262,2006/9/9 15:14,Malia
108,Dicke(ID 108)rson,10111,718-703-9796,5263,2006/10/9 8:30,Adeline
35,Pa(ID 35)rker,10010,212-525-3571,5264,2006/10/9 14:10,Amari
194,Beck(ID 194),10463,718-351-9427,5265,2006/10/9 14:52,Kymani
55,Jarv(ID 55)is,11375,646-804-4663,5266,2006/11/9 10:25,Amy
17,Donovan(ID 17),10069,646-768-1792,5267,2006/11/9 11:41,Gemma
179,Mann(ID 179)ing,10021,646-573-3267,5268,2006/11/9 12:44,Carleigh
51,Oliv(ID 51)er,11362,347-716-1227,5269,2006/12/9 11:19,Derek
95,Clemons(ID 95),11411,347-329-7260,5270,2006/12/9 16:09,Matthias
78,White(ID 78)head,11218,212-423-2062,5271,2006/12/9 16:54,Octavio
75,Fa(ID 75)rrell,11693,917-843-4608,5272,06/13/09 09:21,Remington
101,Nix(ID 101)on,11249,212-523-6502,5273,06/13/09 12:43,Anabella
72,Lindse(ID 72)y,10307,212-411-1820,5274,06/14/09 09:14,Deja
24,Case(ID 24),11103,718-604-7729,5275,06/15/09 09:01,Zaniyah
4,Sho(ID 4)rt,11230,718-664-9574,5276,06/15/09 10:54,Lia
124,Lea(ID 124)ch,10005,347-570-3346,5277,06/16/09 09:32,Cody
58,Lloyd(ID 58),11362,718-796-7350,5278,06/17/09 08:28,Mitchell
115,Harrison(ID 115),11694,646-614-8165,5279,06/17/09 12:57,Mathew
75,Farre(ID 75)ll,11693,917-843-4608,5280,06/18/09 10:33,Remington
30,Crosby(ID 30),10473,646-223-6544,5281,06/18/09 11:33,Alexus
18,Bruc(ID 18)e,11218,646-522-7235,5282,06/19/09 08:11,Jack
129,Gra(ID 129)ham,11693,646-246-7524,5283,06/19/09 08:50,Deven
21,Foley(ID 21),10029,718-605-9088,5284,06/19/09 15:28,Jazmine
36,Flo(ID 36)yd,11434,917-650-7989,5285,06/19/09 15:29,Kendrick
10,Hoffman(ID 10),11366,917-613-6421,5286,06/21/09 08:08,Aliya
56,Joyce(ID 56),11234,212-671-1389,5287,06/24/09 11:21,Immanuel
165,Berg(ID 165),11420,646-605-8063,5288,06/25/09 11:20,Cannon
65,Moo(ID 65)n,10471,212-716-6333,5289,06/25/09 15:14,Isaias
191,Sp(ID 191)arks,11211,212-522-5661,5290,06/26/09 13:53,Kai
108,Dickers(ID 108)on,10111,718-703-9796,5291,06/28/09 08:16,Adeline
78,Whitehead(ID 78),11218,212-423-2062,5292,06/29/09 08:09,Octavio
91,Pay(ID 91)ne,10005,212-498-6862,5293,06/29/09 11:07,Pedro
68,Bu(ID 68)rnett,11366,917-355-7377,5294,06/29/09 11:37,Autumn
153,Hunter(ID 153),11109,212-793-5299,5295,06/29/09 13:46,Leland
176,Mays(ID 176),10165,917-265-9366,5296,2007/1/9 12:17,Alison
152,Medina(ID 152),10308,646-819-2778,5297,2007/1/9 15:04,Elianna
47,Ow(ID 47)ens,11239,347-766-3697,5298,2007/2/9 10:58,Brayan
119,Davidson(ID 119),10451,718-457-2953,5299,2007/2/9 13:11,Tatiana
72,Lin(ID 72)dsey,10307,212-411-1820,5300,2007/3/9 11:03,Deja
148,Fowler(ID 148),10118,212-722-7454,5301,2007/3/9 14:25,Holden
126,Pet(ID 126)ers,11363,718-380-2477,5302,2007/3/9 14:39,Serena
160,Ca(ID 160)ntrell,10280,646-813-3328,5303,2007/4/9 11:20,Raegan
117,Fore(ID 117)man,11697,917-380-2950,5304,2007/4/9 16:33,Aliza
11,Martinez(ID 11),10006,718-771-3686,5305,2007/5/9 16:34,Luna
80,Flynn(ID 80),11109,646-725-6832,5306,2007/6/9 10:48,Nelson
178,Moral(ID 178)es,11217,212-772-6202,5307,2007/8/9 8:27,Maximilian
147,Weiss(ID 147),11203,347-518-5638,5308,2007/8/9 10:56,Conor
59,Me(ID 59)lton,11432,646-270-2996,5309,2007/8/9 13:02,Desiree
78,Wh(ID 78)itehead,11218,212-423-2062,5310,2007/8/9 16:14,Octavio
54,Bulloc(ID 54)k,11210,718-708-3598,5311,2007/9/9 11:01,Jayson
78,Whi(ID 78)tehead,11218,212-423-2062,5312,2007/9/9 13:48,Octavio
83,Hoppe(ID 83)r,11418,917-350-9472,5313,2007/9/9 14:34,Kamryn
93,Wilco(ID 93)x,10466,347-314-5165,5314,2007/10/9 8:39,Vance
73,Atkinso(ID 73)n,10007,646-772-2257,5315,2007/10/9 8:54,Colby
178,Morales(ID 178),11217,212-772-6202,5316,2007/11/9 9:38,Maximilian
110,Hoo(ID 110)d,10014,917-336-9522,5317,2007/11/9 10:13,Kade
57,Harrell(ID 57),10451,347-270-4389,5318,2007/11/9 13:05,Lia
55,Jar(ID 55)vis,11375,646-804-4663,5319,2007/12/9 11:21,Amy
191,Spark(ID 191)s,11211,212-522-5661,5320,2007/12/9 12:14,Kai
25,Med(ID 25)ina,11419,917-361-9803,5321,2007/12/9 14:19,Khalil
157,Ford(ID 157),11208,212-745-3651,5322,07/13/09 15:30,Valentino
76,Cru(ID 76)z,10103,917-586-9422,5323,07/14/09 09:22,Dixie
99,Shan(ID 99)non,11368,646-352-2431,5324,07/14/09 10:29,Kyla
3,Frank(ID 3)lin,10099,718-510-6575,5325,07/14/09 14:51,Yandel
135,Rivera(ID 135),11361,212-340-5502,5326,07/14/09 16:32,Lena
31,Schmidt(ID 31),11237,718-294-7531,5327,07/15/09 13:29,Jazmin
93,Wilcox(ID 93),10466,347-314-5165,5328,07/15/09 16:54,Vance
36,Flo(ID 36)yd,11434,917-650-7989,5329,07/16/09 15:25,Kendrick
36,Floyd(ID 36),11434,917-650-7989,5330,07/19/09 11:11,Kendrick
8,Burn(ID 8)s,10120,212-220-3311,5331,07/19/09 11:58,Darren
42,Town(ID 42)send,10314,212-775-3412,5332,07/19/09 12:41,Stanley
41,Wil(ID 41)kins,10302,917-766-5604,5333,07/19/09 15:53,Ryleigh
74,Gi(ID 74)lliam,10279,917-593-3931,5334,07/19/09 16:18,Zackary
79,Bo(ID 79)wen,11238,646-292-3920,5335,07/20/09 11:49,Mariam
66,Andrews(ID 66),11234,718-746-4988,5336,07/20/09 15:38,Yaritza
93,Wi(ID 93)lcox,10466,347-314-5165,5337,07/21/09 14:56,Vance
118,Hu(ID 118)nt,10028,212-705-8822,5338,07/23/09 11:51,Kenley
